file_name,submitted_name,project,machine_type,pcnt_optical_duplicates,clusters,read_length,experiment_type,run_date
HM7FMBBXX_16469563_S31_L003_R1_001.fastq.gz,ATW1,Brooks OCA1_2,HiSeq4000,3.12,24691862,76,RNA-Seq PolyA,05-FEB-18
HM7FMBBXX_16469563_S31_L003_R2_001.fastq.gz,ATW1,Brooks OCA1_2,HiSeq4000,3.12,24691862,76,RNA-Seq PolyA,05-FEB-18
HM7FMBBXX_16469563_S31_L004_R1_001.fastq.gz,ATW1,Brooks OCA1_2,HiSeq4000,2.62,24516194,76,RNA-Seq PolyA,05-FEB-18
HM7FMBBXX_16469563_S31_L004_R2_001.fastq.gz,ATW1,Brooks OCA1_2,HiSeq4000,2.62,24516194,76,RNA-Seq PolyA,05-FEB-18
HM7MVBBXX_16469563_S54_L007_R1_001.fastq.gz,ATW1,Brooks OCA1_2,HiSeq4000,2.65,22640888,76,RNA-Seq PolyA,25-JAN-18
HM7MVBBXX_16469563_S54_L007_R2_001.fastq.gz,ATW1,Brooks OCA1_2,HiSeq4000,2.65,22640888,76,RNA-Seq PolyA,25-JAN-18
HM7MVBBXX_16469560_S51_L007_R1_001.fastq.gz,ATW2,Brooks OCA1_2,HiSeq4000,3.89,28112910,76,RNA-Seq PolyA,25-JAN-18
HM7MVBBXX_16469560_S51_L007_R2_001.fastq.gz,ATW2,Brooks OCA1_2,HiSeq4000,3.89,28112910,76,RNA-Seq PolyA,25-JAN-18
HM7FMBBXX_16469560_S28_L003_R1_001.fastq.gz,ATW2,Brooks OCA1_2,HiSeq4000,4.43,30541451,76,RNA-Seq PolyA,05-FEB-18
HM7FMBBXX_16469560_S28_L003_R2_001.fastq.gz,ATW2,Brooks OCA1_2,HiSeq4000,4.43,30541451,76,RNA-Seq PolyA,05-FEB-18
HM7FMBBXX_16469560_S28_L004_R1_001.fastq.gz,ATW2,Brooks OCA1_2,HiSeq4000,3.73,30541088,76,RNA-Seq PolyA,05-FEB-18
HM7FMBBXX_16469560_S28_L004_R2_001.fastq.gz,ATW2,Brooks OCA1_2,HiSeq4000,3.73,30541088,76,RNA-Seq PolyA,05-FEB-18
HM7MVBBXX_16469559_S50_L007_R1_001.fastq.gz,STW1,Brooks OCA1_2,HiSeq4000,2.84,23888934,76,RNA-Seq PolyA,25-JAN-18
HM7MVBBXX_16469559_S50_L007_R2_001.fastq.gz,STW1,Brooks OCA1_2,HiSeq4000,2.84,23888934,76,RNA-Seq PolyA,25-JAN-18
HM7FMBBXX_16469559_S27_L004_R1_001.fastq.gz,STW1,Brooks OCA1_2,HiSeq4000,2.76,25943359,76,RNA-Seq PolyA,05-FEB-18
HM7FMBBXX_16469559_S27_L004_R2_001.fastq.gz,STW1,Brooks OCA1_2,HiSeq4000,2.76,25943359,76,RNA-Seq PolyA,05-FEB-18
HM7FMBBXX_16469559_S27_L003_R1_001.fastq.gz,STW1,Brooks OCA1_2,HiSeq4000,3.28,25920383,76,RNA-Seq PolyA,05-FEB-18
HM7FMBBXX_16469559_S27_L003_R2_001.fastq.gz,STW1,Brooks OCA1_2,HiSeq4000,3.28,25920383,76,RNA-Seq PolyA,05-FEB-18
HM7FMBBXX_16469568_S36_L003_R1_001.fastq.gz,STW2,Brooks OCA1_2,HiSeq4000,3.80,26943691,76,RNA-Seq PolyA,05-FEB-18
HM7FMBBXX_16469568_S36_L003_R2_001.fastq.gz,STW2,Brooks OCA1_2,HiSeq4000,3.80,26943691,76,RNA-Seq PolyA,05-FEB-18
HM7MVBBXX_16469568_S59_L007_R1_001.fastq.gz,STW2,Brooks OCA1_2,HiSeq4000,3.29,24927660,76,RNA-Seq PolyA,25-JAN-18
HM7MVBBXX_16469568_S59_L007_R2_001.fastq.gz,STW2,Brooks OCA1_2,HiSeq4000,3.29,24927660,76,RNA-Seq PolyA,25-JAN-18
HM7FMBBXX_16469568_S36_L004_R1_001.fastq.gz,STW2,Brooks OCA1_2,HiSeq4000,3.20,26881622,76,RNA-Seq PolyA,05-FEB-18
HM7FMBBXX_16469568_S36_L004_R2_001.fastq.gz,STW2,Brooks OCA1_2,HiSeq4000,3.20,26881622,76,RNA-Seq PolyA,05-FEB-18
HM7FMBBXX_16469565_S33_L004_R1_001.fastq.gz,OTW1,Brooks OCA1_2,HiSeq4000,3.06,24309377,76,RNA-Seq PolyA,05-FEB-18
HM7FMBBXX_16469565_S33_L004_R2_001.fastq.gz,OTW1,Brooks OCA1_2,HiSeq4000,3.06,24309377,76,RNA-Seq PolyA,05-FEB-18
HM7MVBBXX_16469565_S56_L007_R1_001.fastq.gz,OTW1,Brooks OCA1_2,HiSeq4000,3.16,22487896,76,RNA-Seq PolyA,25-JAN-18
HM7MVBBXX_16469565_S56_L007_R2_001.fastq.gz,OTW1,Brooks OCA1_2,HiSeq4000,3.16,22487896,76,RNA-Seq PolyA,25-JAN-18
HM7FMBBXX_16469565_S33_L003_R1_001.fastq.gz,OTW1,Brooks OCA1_2,HiSeq4000,3.64,24383403,76,RNA-Seq PolyA,05-FEB-18
HM7FMBBXX_16469565_S33_L003_R2_001.fastq.gz,OTW1,Brooks OCA1_2,HiSeq4000,3.64,24383403,76,RNA-Seq PolyA,05-FEB-18
HM7FMBBXX_16469567_S35_L003_R1_001.fastq.gz,OTW2,Brooks OCA1_2,HiSeq4000,4.34,30159670,76,RNA-Seq PolyA,05-FEB-18
HM7FMBBXX_16469567_S35_L003_R2_001.fastq.gz,OTW2,Brooks OCA1_2,HiSeq4000,4.34,30159670,76,RNA-Seq PolyA,05-FEB-18
HM7FMBBXX_16469567_S35_L004_R1_001.fastq.gz,OTW2,Brooks OCA1_2,HiSeq4000,3.66,30203875,76,RNA-Seq PolyA,05-FEB-18
HM7FMBBXX_16469567_S35_L004_R2_001.fastq.gz,OTW2,Brooks OCA1_2,HiSeq4000,3.66,30203875,76,RNA-Seq PolyA,05-FEB-18
HM7MVBBXX_16469567_S58_L007_R1_001.fastq.gz,OTW2,Brooks OCA1_2,HiSeq4000,3.76,27591342,76,RNA-Seq PolyA,25-JAN-18
HM7MVBBXX_16469567_S58_L007_R2_001.fastq.gz,OTW2,Brooks OCA1_2,HiSeq4000,3.76,27591342,76,RNA-Seq PolyA,25-JAN-18
HM7FMBBXX_16469564_S32_L003_R1_001.fastq.gz,AMDCD1,Brooks OCA1_2,HiSeq4000,3.57,27113331,76,RNA-Seq PolyA,05-FEB-18
HM7FMBBXX_16469564_S32_L003_R2_001.fastq.gz,AMDCD1,Brooks OCA1_2,HiSeq4000,3.57,27113331,76,RNA-Seq PolyA,05-FEB-18
HM7MVBBXX_16469564_S55_L007_R1_001.fastq.gz,AMDCD1,Brooks OCA1_2,HiSeq4000,3.14,24918048,76,RNA-Seq PolyA,25-JAN-18
HM7MVBBXX_16469564_S55_L007_R2_001.fastq.gz,AMDCD1,Brooks OCA1_2,HiSeq4000,3.14,24918048,76,RNA-Seq PolyA,25-JAN-18
HM7FMBBXX_16469564_S32_L004_R1_001.fastq.gz,AMDCD1,Brooks OCA1_2,HiSeq4000,3.00,27271626,76,RNA-Seq PolyA,05-FEB-18
HM7FMBBXX_16469564_S32_L004_R2_001.fastq.gz,AMDCD1,Brooks OCA1_2,HiSeq4000,3.00,27271626,76,RNA-Seq PolyA,05-FEB-18
HM7FMBBXX_16469558_S26_L004_R1_001.fastq.gz,AMDCD2,Brooks OCA1_2,HiSeq4000,3.11,21559955,76,RNA-Seq PolyA,05-FEB-18
HM7FMBBXX_16469558_S26_L004_R2_001.fastq.gz,AMDCD2,Brooks OCA1_2,HiSeq4000,3.11,21559955,76,RNA-Seq PolyA,05-FEB-18
HM7MVBBXX_16469558_S49_L007_R1_001.fastq.gz,AMDCD2,Brooks OCA1_2,HiSeq4000,3.23,20262468,76,RNA-Seq PolyA,25-JAN-18
HM7MVBBXX_16469558_S49_L007_R2_001.fastq.gz,AMDCD2,Brooks OCA1_2,HiSeq4000,3.23,20262468,76,RNA-Seq PolyA,25-JAN-18
HM7FMBBXX_16469558_S26_L003_R1_001.fastq.gz,AMDCD2,Brooks OCA1_2,HiSeq4000,3.70,21617777,76,RNA-Seq PolyA,05-FEB-18
HM7FMBBXX_16469558_S26_L003_R2_001.fastq.gz,AMDCD2,Brooks OCA1_2,HiSeq4000,3.70,21617777,76,RNA-Seq PolyA,05-FEB-18
HM7FMBBXX_16469562_S30_L003_R1_001.fastq.gz,VED1,Brooks OCA1_2,HiSeq4000,3.36,24961709,76,RNA-Seq PolyA,05-FEB-18
HM7FMBBXX_16469562_S30_L003_R2_001.fastq.gz,VED1,Brooks OCA1_2,HiSeq4000,3.36,24961709,76,RNA-Seq PolyA,05-FEB-18
HM7MVBBXX_16469562_S53_L007_R1_001.fastq.gz,VED1,Brooks OCA1_2,HiSeq4000,2.78,22785573,76,RNA-Seq PolyA,25-JAN-18
HM7MVBBXX_16469562_S53_L007_R2_001.fastq.gz,VED1,Brooks OCA1_2,HiSeq4000,2.78,22785573,76,RNA-Seq PolyA,25-JAN-18
HM7FMBBXX_16469562_S30_L004_R1_001.fastq.gz,VED1,Brooks OCA1_2,HiSeq4000,2.82,24722365,76,RNA-Seq PolyA,05-FEB-18
HM7FMBBXX_16469562_S30_L004_R2_001.fastq.gz,VED1,Brooks OCA1_2,HiSeq4000,2.82,24722365,76,RNA-Seq PolyA,05-FEB-18
HM7FMBBXX_16469566_S34_L004_R1_001.fastq.gz,VED2,Brooks OCA1_2,HiSeq4000,3.94,30131320,76,RNA-Seq PolyA,05-FEB-18
HM7FMBBXX_16469566_S34_L004_R2_001.fastq.gz,VED2,Brooks OCA1_2,HiSeq4000,3.94,30131320,76,RNA-Seq PolyA,05-FEB-18
HM7MVBBXX_16469566_S57_L007_R1_001.fastq.gz,VED2,Brooks OCA1_2,HiSeq4000,4.16,27882354,76,RNA-Seq PolyA,25-JAN-18
HM7MVBBXX_16469566_S57_L007_R2_001.fastq.gz,VED2,Brooks OCA1_2,HiSeq4000,4.16,27882354,76,RNA-Seq PolyA,25-JAN-18
HM7FMBBXX_16469566_S34_L003_R1_001.fastq.gz,VED2,Brooks OCA1_2,HiSeq4000,4.66,30221472,76,RNA-Seq PolyA,05-FEB-18
HM7FMBBXX_16469566_S34_L003_R2_001.fastq.gz,VED2,Brooks OCA1_2,HiSeq4000,4.66,30221472,76,RNA-Seq PolyA,05-FEB-18
HM7MVBBXX_16469561_S52_L007_R1_001.fastq.gz,VCEQ1,Brooks OCA1_2,HiSeq4000,3.33,28690558,76,RNA-Seq PolyA,25-JAN-18
HM7MVBBXX_16469561_S52_L007_R2_001.fastq.gz,VCEQ1,Brooks OCA1_2,HiSeq4000,3.33,28690558,76,RNA-Seq PolyA,25-JAN-18
HM7FMBBXX_16469561_S29_L003_R1_001.fastq.gz,VCEQ1,Brooks OCA1_2,HiSeq4000,3.84,31201095,76,RNA-Seq PolyA,05-FEB-18
HM7FMBBXX_16469561_S29_L003_R2_001.fastq.gz,VCEQ1,Brooks OCA1_2,HiSeq4000,3.84,31201095,76,RNA-Seq PolyA,05-FEB-18
HM7FMBBXX_16469561_S29_L004_R1_001.fastq.gz,VCEQ1,Brooks OCA1_2,HiSeq4000,3.24,31070865,76,RNA-Seq PolyA,05-FEB-18
HM7FMBBXX_16469561_S29_L004_R2_001.fastq.gz,VCEQ1,Brooks OCA1_2,HiSeq4000,3.24,31070865,76,RNA-Seq PolyA,05-FEB-18
HM7MVBBXX_16469557_S48_L007_R1_001.fastq.gz,VCEQ2,Brooks OCA1_2,HiSeq4000,3.58,23809011,76,RNA-Seq PolyA,25-JAN-18
HM7MVBBXX_16469557_S48_L007_R2_001.fastq.gz,VCEQ2,Brooks OCA1_2,HiSeq4000,3.58,23809011,76,RNA-Seq PolyA,25-JAN-18
HM7FMBBXX_16469557_S25_L004_R1_001.fastq.gz,VCEQ2,Brooks OCA1_2,HiSeq4000,3.50,25835743,76,RNA-Seq PolyA,05-FEB-18
HM7FMBBXX_16469557_S25_L004_R2_001.fastq.gz,VCEQ2,Brooks OCA1_2,HiSeq4000,3.50,25835743,76,RNA-Seq PolyA,05-FEB-18
HM7FMBBXX_16469557_S25_L003_R1_001.fastq.gz,VCEQ2,Brooks OCA1_2,HiSeq4000,4.14,25788038,76,RNA-Seq PolyA,05-FEB-18
HM7FMBBXX_16469557_S25_L003_R2_001.fastq.gz,VCEQ2,Brooks OCA1_2,HiSeq4000,4.14,25788038,76,RNA-Seq PolyA,05-FEB-18
HM7FMBBXX_16496360_S56_L005_R1_001.fastq.gz,1_RS,Brooks OCA1_2,HiSeq4000,2.53,12574982,76,RNA-Seq PolyA,05-FEB-18
HM7FMBBXX_16496360_S56_L005_R2_001.fastq.gz,1_RS,Brooks OCA1_2,HiSeq4000,2.53,12574982,76,RNA-Seq PolyA,05-FEB-18
HMLLWBBXX_16496360_S69_L008_R1_001.fastq.gz,1_RS,Brooks OCA1_2,HiSeq4000,3.38,12483156,76,RNA-Seq PolyA,20-FEB-18
HMLLWBBXX_16496360_S69_L008_R2_001.fastq.gz,1_RS,Brooks OCA1_2,HiSeq4000,3.38,12483156,76,RNA-Seq PolyA,20-FEB-18
HMLLWBBXX_16496360_S69_L006_R1_001.fastq.gz,1_RS,Brooks OCA1_2,HiSeq4000,3.94,12884050,76,RNA-Seq PolyA,20-FEB-18
HMLLWBBXX_16496360_S69_L006_R2_001.fastq.gz,1_RS,Brooks OCA1_2,HiSeq4000,3.94,12884050,76,RNA-Seq PolyA,20-FEB-18
HMLLWBBXX_16496360_S69_L007_R1_001.fastq.gz,1_RS,Brooks OCA1_2,HiSeq4000,4.11,13118074,76,RNA-Seq PolyA,20-FEB-18
HMLLWBBXX_16496360_S69_L007_R2_001.fastq.gz,1_RS,Brooks OCA1_2,HiSeq4000,4.11,13118074,76,RNA-Seq PolyA,20-FEB-18
HMLLWBBXX_16496352_S61_L006_R1_001.fastq.gz,2_RS,Brooks OCA1_2,HiSeq4000,5.25,17119567,76,RNA-Seq PolyA,20-FEB-18
HMLLWBBXX_16496352_S61_L006_R2_001.fastq.gz,2_RS,Brooks OCA1_2,HiSeq4000,5.25,17119567,76,RNA-Seq PolyA,20-FEB-18
HMLLWBBXX_16496352_S61_L008_R1_001.fastq.gz,2_RS,Brooks OCA1_2,HiSeq4000,4.73,16757787,76,RNA-Seq PolyA,20-FEB-18
HMLLWBBXX_16496352_S61_L008_R2_001.fastq.gz,2_RS,Brooks OCA1_2,HiSeq4000,4.73,16757787,76,RNA-Seq PolyA,20-FEB-18
HM7FMBBXX_16496352_S48_L005_R1_001.fastq.gz,2_RS,Brooks OCA1_2,HiSeq4000,3.69,17346686,76,RNA-Seq PolyA,05-FEB-18
HM7FMBBXX_16496352_S48_L005_R2_001.fastq.gz,2_RS,Brooks OCA1_2,HiSeq4000,3.69,17346686,76,RNA-Seq PolyA,05-FEB-18
HMLLWBBXX_16496352_S61_L007_R1_001.fastq.gz,2_RS,Brooks OCA1_2,HiSeq4000,5.58,17649242,76,RNA-Seq PolyA,20-FEB-18
HMLLWBBXX_16496352_S61_L007_R2_001.fastq.gz,2_RS,Brooks OCA1_2,HiSeq4000,5.58,17649242,76,RNA-Seq PolyA,20-FEB-18
HM7FMBBXX_16496359_S55_L005_R1_001.fastq.gz,3_RS,Brooks OCA1_2,HiSeq4000,2.55,14216155,76,RNA-Seq PolyA,05-FEB-18
HM7FMBBXX_16496359_S55_L005_R2_001.fastq.gz,3_RS,Brooks OCA1_2,HiSeq4000,2.55,14216155,76,RNA-Seq PolyA,05-FEB-18
HMLLWBBXX_16496359_S68_L006_R1_001.fastq.gz,3_RS,Brooks OCA1_2,HiSeq4000,3.88,14144710,76,RNA-Seq PolyA,20-FEB-18
HMLLWBBXX_16496359_S68_L006_R2_001.fastq.gz,3_RS,Brooks OCA1_2,HiSeq4000,3.88,14144710,76,RNA-Seq PolyA,20-FEB-18
HMLLWBBXX_16496359_S68_L008_R1_001.fastq.gz,3_RS,Brooks OCA1_2,HiSeq4000,3.37,13699394,76,RNA-Seq PolyA,20-FEB-18
HMLLWBBXX_16496359_S68_L008_R2_001.fastq.gz,3_RS,Brooks OCA1_2,HiSeq4000,3.37,13699394,76,RNA-Seq PolyA,20-FEB-18
HMLLWBBXX_16496359_S68_L007_R1_001.fastq.gz,3_RS,Brooks OCA1_2,HiSeq4000,4.08,14561660,76,RNA-Seq PolyA,20-FEB-18
HMLLWBBXX_16496359_S68_L007_R2_001.fastq.gz,3_RS,Brooks OCA1_2,HiSeq4000,4.08,14561660,76,RNA-Seq PolyA,20-FEB-18
HMLLWBBXX_16496357_S66_L007_R1_001.fastq.gz,4_RS,Brooks OCA1_2,HiSeq4000,4.78,14741943,76,RNA-Seq PolyA,20-FEB-18
HMLLWBBXX_16496357_S66_L007_R2_001.fastq.gz,4_RS,Brooks OCA1_2,HiSeq4000,4.78,14741943,76,RNA-Seq PolyA,20-FEB-18
HM7FMBBXX_16496357_S53_L005_R1_001.fastq.gz,4_RS,Brooks OCA1_2,HiSeq4000,3.07,14353328,76,RNA-Seq PolyA,05-FEB-18
HM7FMBBXX_16496357_S53_L005_R2_001.fastq.gz,4_RS,Brooks OCA1_2,HiSeq4000,3.07,14353328,76,RNA-Seq PolyA,05-FEB-18
HMLLWBBXX_16496357_S66_L006_R1_001.fastq.gz,4_RS,Brooks OCA1_2,HiSeq4000,4.51,14341257,76,RNA-Seq PolyA,20-FEB-18
HMLLWBBXX_16496357_S66_L006_R2_001.fastq.gz,4_RS,Brooks OCA1_2,HiSeq4000,4.51,14341257,76,RNA-Seq PolyA,20-FEB-18
HMLLWBBXX_16496357_S66_L008_R1_001.fastq.gz,4_RS,Brooks OCA1_2,HiSeq4000,4.02,13999005,76,RNA-Seq PolyA,20-FEB-18
HMLLWBBXX_16496357_S66_L008_R2_001.fastq.gz,4_RS,Brooks OCA1_2,HiSeq4000,4.02,13999005,76,RNA-Seq PolyA,20-FEB-18
HMLLWBBXX_16496361_S70_L008_R1_001.fastq.gz,5_RS,Brooks OCA1_2,HiSeq4000,3.65,15203962,76,RNA-Seq PolyA,20-FEB-18
HMLLWBBXX_16496361_S70_L008_R2_001.fastq.gz,5_RS,Brooks OCA1_2,HiSeq4000,3.65,15203962,76,RNA-Seq PolyA,20-FEB-18
HMLLWBBXX_16496361_S70_L007_R1_001.fastq.gz,5_RS,Brooks OCA1_2,HiSeq4000,4.37,16182540,76,RNA-Seq PolyA,20-FEB-18
HMLLWBBXX_16496361_S70_L007_R2_001.fastq.gz,5_RS,Brooks OCA1_2,HiSeq4000,4.37,16182540,76,RNA-Seq PolyA,20-FEB-18
HMLLWBBXX_16496361_S70_L006_R1_001.fastq.gz,5_RS,Brooks OCA1_2,HiSeq4000,4.10,15521677,76,RNA-Seq PolyA,20-FEB-18
HMLLWBBXX_16496361_S70_L006_R2_001.fastq.gz,5_RS,Brooks OCA1_2,HiSeq4000,4.10,15521677,76,RNA-Seq PolyA,20-FEB-18
HM7FMBBXX_16496361_S57_L005_R1_001.fastq.gz,5_RS,Brooks OCA1_2,HiSeq4000,2.83,16090196,76,RNA-Seq PolyA,05-FEB-18
HM7FMBBXX_16496361_S57_L005_R2_001.fastq.gz,5_RS,Brooks OCA1_2,HiSeq4000,2.83,16090196,76,RNA-Seq PolyA,05-FEB-18
HMLLWBBXX_16496344_S53_L008_R1_001.fastq.gz,6_RS,Brooks OCA1_2,HiSeq4000,4.44,16111596,76,RNA-Seq PolyA,20-FEB-18
HMLLWBBXX_16496344_S53_L008_R2_001.fastq.gz,6_RS,Brooks OCA1_2,HiSeq4000,4.44,16111596,76,RNA-Seq PolyA,20-FEB-18
HMLLWBBXX_16496344_S53_L006_R1_001.fastq.gz,6_RS,Brooks OCA1_2,HiSeq4000,4.91,16453095,76,RNA-Seq PolyA,20-FEB-18
HMLLWBBXX_16496344_S53_L006_R2_001.fastq.gz,6_RS,Brooks OCA1_2,HiSeq4000,4.91,16453095,76,RNA-Seq PolyA,20-FEB-18
HM7FMBBXX_16496344_S40_L005_R1_001.fastq.gz,6_RS,Brooks OCA1_2,HiSeq4000,3.57,17079213,76,RNA-Seq PolyA,05-FEB-18
HM7FMBBXX_16496344_S40_L005_R2_001.fastq.gz,6_RS,Brooks OCA1_2,HiSeq4000,3.57,17079213,76,RNA-Seq PolyA,05-FEB-18
HMLLWBBXX_16496344_S53_L007_R1_001.fastq.gz,6_RS,Brooks OCA1_2,HiSeq4000,5.30,17105810,76,RNA-Seq PolyA,20-FEB-18
HMLLWBBXX_16496344_S53_L007_R2_001.fastq.gz,6_RS,Brooks OCA1_2,HiSeq4000,5.30,17105810,76,RNA-Seq PolyA,20-FEB-18
HMLLWBBXX_16496350_S59_L007_R1_001.fastq.gz,7_RS,Brooks OCA1_2,HiSeq4000,4.54,15042317,76,RNA-Seq PolyA,20-FEB-18
HMLLWBBXX_16496350_S59_L007_R2_001.fastq.gz,7_RS,Brooks OCA1_2,HiSeq4000,4.54,15042317,76,RNA-Seq PolyA,20-FEB-18
HMLLWBBXX_16496350_S59_L006_R1_001.fastq.gz,7_RS,Brooks OCA1_2,HiSeq4000,4.27,14542826,76,RNA-Seq PolyA,20-FEB-18
HMLLWBBXX_16496350_S59_L006_R2_001.fastq.gz,7_RS,Brooks OCA1_2,HiSeq4000,4.27,14542826,76,RNA-Seq PolyA,20-FEB-18
HMLLWBBXX_16496350_S59_L008_R1_001.fastq.gz,7_RS,Brooks OCA1_2,HiSeq4000,3.81,14208146,76,RNA-Seq PolyA,20-FEB-18
HMLLWBBXX_16496350_S59_L008_R2_001.fastq.gz,7_RS,Brooks OCA1_2,HiSeq4000,3.81,14208146,76,RNA-Seq PolyA,20-FEB-18
HM7FMBBXX_16496350_S46_L005_R1_001.fastq.gz,7_RS,Brooks OCA1_2,HiSeq4000,2.94,14805005,76,RNA-Seq PolyA,05-FEB-18
HM7FMBBXX_16496350_S46_L005_R2_001.fastq.gz,7_RS,Brooks OCA1_2,HiSeq4000,2.94,14805005,76,RNA-Seq PolyA,05-FEB-18
HM7FMBBXX_16496358_S54_L005_R1_001.fastq.gz,8_RS,Brooks OCA1_2,HiSeq4000,2.83,14597939,76,RNA-Seq PolyA,05-FEB-18
HM7FMBBXX_16496358_S54_L005_R2_001.fastq.gz,8_RS,Brooks OCA1_2,HiSeq4000,2.83,14597939,76,RNA-Seq PolyA,05-FEB-18
HMLLWBBXX_16496358_S67_L008_R1_001.fastq.gz,8_RS,Brooks OCA1_2,HiSeq4000,3.54,13997684,76,RNA-Seq PolyA,20-FEB-18
HMLLWBBXX_16496358_S67_L008_R2_001.fastq.gz,8_RS,Brooks OCA1_2,HiSeq4000,3.54,13997684,76,RNA-Seq PolyA,20-FEB-18
HMLLWBBXX_16496358_S67_L007_R1_001.fastq.gz,8_RS,Brooks OCA1_2,HiSeq4000,4.31,14827976,76,RNA-Seq PolyA,20-FEB-18
HMLLWBBXX_16496358_S67_L007_R2_001.fastq.gz,8_RS,Brooks OCA1_2,HiSeq4000,4.31,14827976,76,RNA-Seq PolyA,20-FEB-18
HMLLWBBXX_16496358_S67_L006_R1_001.fastq.gz,8_RS,Brooks OCA1_2,HiSeq4000,3.98,14276022,76,RNA-Seq PolyA,20-FEB-18
HMLLWBBXX_16496358_S67_L006_R2_001.fastq.gz,8_RS,Brooks OCA1_2,HiSeq4000,3.98,14276022,76,RNA-Seq PolyA,20-FEB-18
HM7FMBBXX_16496355_S51_L005_R1_001.fastq.gz,9_RS,Brooks OCA1_2,HiSeq4000,2.67,13319190,76,RNA-Seq PolyA,05-FEB-18
HM7FMBBXX_16496355_S51_L005_R2_001.fastq.gz,9_RS,Brooks OCA1_2,HiSeq4000,2.67,13319190,76,RNA-Seq PolyA,05-FEB-18
HMLLWBBXX_16496355_S64_L008_R1_001.fastq.gz,9_RS,Brooks OCA1_2,HiSeq4000,3.48,13042835,76,RNA-Seq PolyA,20-FEB-18
HMLLWBBXX_16496355_S64_L008_R2_001.fastq.gz,9_RS,Brooks OCA1_2,HiSeq4000,3.48,13042835,76,RNA-Seq PolyA,20-FEB-18
HMLLWBBXX_16496355_S64_L007_R1_001.fastq.gz,9_RS,Brooks OCA1_2,HiSeq4000,4.25,13766952,76,RNA-Seq PolyA,20-FEB-18
HMLLWBBXX_16496355_S64_L007_R2_001.fastq.gz,9_RS,Brooks OCA1_2,HiSeq4000,4.25,13766952,76,RNA-Seq PolyA,20-FEB-18
HMLLWBBXX_16496355_S64_L006_R1_001.fastq.gz,9_RS,Brooks OCA1_2,HiSeq4000,4.05,13416471,76,RNA-Seq PolyA,20-FEB-18
HMLLWBBXX_16496355_S64_L006_R2_001.fastq.gz,9_RS,Brooks OCA1_2,HiSeq4000,4.05,13416471,76,RNA-Seq PolyA,20-FEB-18
HMLLWBBXX_16496341_S50_L008_R1_001.fastq.gz,10_RS,Brooks OCA1_2,HiSeq4000,4.90,17294617,76,RNA-Seq PolyA,20-FEB-18
HMLLWBBXX_16496341_S50_L008_R2_001.fastq.gz,10_RS,Brooks OCA1_2,HiSeq4000,4.90,17294617,76,RNA-Seq PolyA,20-FEB-18
HMLLWBBXX_16496341_S50_L007_R1_001.fastq.gz,10_RS,Brooks OCA1_2,HiSeq4000,5.78,18219637,76,RNA-Seq PolyA,20-FEB-18
HMLLWBBXX_16496341_S50_L007_R2_001.fastq.gz,10_RS,Brooks OCA1_2,HiSeq4000,5.78,18219637,76,RNA-Seq PolyA,20-FEB-18
HMLLWBBXX_16496341_S50_L006_R1_001.fastq.gz,10_RS,Brooks OCA1_2,HiSeq4000,5.42,17662650,76,RNA-Seq PolyA,20-FEB-18
HMLLWBBXX_16496341_S50_L006_R2_001.fastq.gz,10_RS,Brooks OCA1_2,HiSeq4000,5.42,17662650,76,RNA-Seq PolyA,20-FEB-18
HM7FMBBXX_16496341_S37_L005_R1_001.fastq.gz,10_RS,Brooks OCA1_2,HiSeq4000,3.86,17922141,76,RNA-Seq PolyA,05-FEB-18
HM7FMBBXX_16496341_S37_L005_R2_001.fastq.gz,10_RS,Brooks OCA1_2,HiSeq4000,3.86,17922141,76,RNA-Seq PolyA,05-FEB-18
HMLLWBBXX_16496348_S57_L007_R1_001.fastq.gz,11_RS,Brooks OCA1_2,HiSeq4000,4.94,16303565,76,RNA-Seq PolyA,20-FEB-18
HMLLWBBXX_16496348_S57_L007_R2_001.fastq.gz,11_RS,Brooks OCA1_2,HiSeq4000,4.94,16303565,76,RNA-Seq PolyA,20-FEB-18
HMLLWBBXX_16496348_S57_L006_R1_001.fastq.gz,11_RS,Brooks OCA1_2,HiSeq4000,4.65,15874644,76,RNA-Seq PolyA,20-FEB-18
HMLLWBBXX_16496348_S57_L006_R2_001.fastq.gz,11_RS,Brooks OCA1_2,HiSeq4000,4.65,15874644,76,RNA-Seq PolyA,20-FEB-18
HM7FMBBXX_16496348_S44_L005_R1_001.fastq.gz,11_RS,Brooks OCA1_2,HiSeq4000,3.19,15817402,76,RNA-Seq PolyA,05-FEB-18
HM7FMBBXX_16496348_S44_L005_R2_001.fastq.gz,11_RS,Brooks OCA1_2,HiSeq4000,3.19,15817402,76,RNA-Seq PolyA,05-FEB-18
HMLLWBBXX_16496348_S57_L008_R1_001.fastq.gz,11_RS,Brooks OCA1_2,HiSeq4000,4.10,15460972,76,RNA-Seq PolyA,20-FEB-18
HMLLWBBXX_16496348_S57_L008_R2_001.fastq.gz,11_RS,Brooks OCA1_2,HiSeq4000,4.10,15460972,76,RNA-Seq PolyA,20-FEB-18
HMLLWBBXX_16496351_S60_L007_R1_001.fastq.gz,12_RS,Brooks OCA1_2,HiSeq4000,4.83,16630412,76,RNA-Seq PolyA,20-FEB-18
HMLLWBBXX_16496351_S60_L007_R2_001.fastq.gz,12_RS,Brooks OCA1_2,HiSeq4000,4.83,16630412,76,RNA-Seq PolyA,20-FEB-18
HMLLWBBXX_16496351_S60_L008_R1_001.fastq.gz,12_RS,Brooks OCA1_2,HiSeq4000,4.04,15571187,76,RNA-Seq PolyA,20-FEB-18
HMLLWBBXX_16496351_S60_L008_R2_001.fastq.gz,12_RS,Brooks OCA1_2,HiSeq4000,4.04,15571187,76,RNA-Seq PolyA,20-FEB-18
HM7FMBBXX_16496351_S47_L005_R1_001.fastq.gz,12_RS,Brooks OCA1_2,HiSeq4000,3.27,16711178,76,RNA-Seq PolyA,05-FEB-18
HM7FMBBXX_16496351_S47_L005_R2_001.fastq.gz,12_RS,Brooks OCA1_2,HiSeq4000,3.27,16711178,76,RNA-Seq PolyA,05-FEB-18
HMLLWBBXX_16496351_S60_L006_R1_001.fastq.gz,12_RS,Brooks OCA1_2,HiSeq4000,4.45,15842695,76,RNA-Seq PolyA,20-FEB-18
HMLLWBBXX_16496351_S60_L006_R2_001.fastq.gz,12_RS,Brooks OCA1_2,HiSeq4000,4.45,15842695,76,RNA-Seq PolyA,20-FEB-18
HM7FMBBXX_16496353_S49_L005_R1_001.fastq.gz,13_RS,Brooks OCA1_2,HiSeq4000,2.81,14215897,76,RNA-Seq PolyA,05-FEB-18
HM7FMBBXX_16496353_S49_L005_R2_001.fastq.gz,13_RS,Brooks OCA1_2,HiSeq4000,2.81,14215897,76,RNA-Seq PolyA,05-FEB-18
HMLLWBBXX_16496353_S62_L008_R1_001.fastq.gz,13_RS,Brooks OCA1_2,HiSeq4000,3.60,13411507,76,RNA-Seq PolyA,20-FEB-18
HMLLWBBXX_16496353_S62_L008_R2_001.fastq.gz,13_RS,Brooks OCA1_2,HiSeq4000,3.60,13411507,76,RNA-Seq PolyA,20-FEB-18
HMLLWBBXX_16496353_S62_L007_R1_001.fastq.gz,13_RS,Brooks OCA1_2,HiSeq4000,4.31,14321881,76,RNA-Seq PolyA,20-FEB-18
HMLLWBBXX_16496353_S62_L007_R2_001.fastq.gz,13_RS,Brooks OCA1_2,HiSeq4000,4.31,14321881,76,RNA-Seq PolyA,20-FEB-18
HMLLWBBXX_16496353_S62_L006_R1_001.fastq.gz,13_RS,Brooks OCA1_2,HiSeq4000,4.01,13687776,76,RNA-Seq PolyA,20-FEB-18
HMLLWBBXX_16496353_S62_L006_R2_001.fastq.gz,13_RS,Brooks OCA1_2,HiSeq4000,4.01,13687776,76,RNA-Seq PolyA,20-FEB-18
HM7FMBBXX_16496349_S45_L005_R1_001.fastq.gz,14_RS,Brooks OCA1_2,HiSeq4000,3.45,19417901,76,RNA-Seq PolyA,05-FEB-18
HM7FMBBXX_16496349_S45_L005_R2_001.fastq.gz,14_RS,Brooks OCA1_2,HiSeq4000,3.45,19417901,76,RNA-Seq PolyA,05-FEB-18
HMLLWBBXX_16496349_S58_L006_R1_001.fastq.gz,14_RS,Brooks OCA1_2,HiSeq4000,4.68,18441251,76,RNA-Seq PolyA,20-FEB-18
HMLLWBBXX_16496349_S58_L006_R2_001.fastq.gz,14_RS,Brooks OCA1_2,HiSeq4000,4.68,18441251,76,RNA-Seq PolyA,20-FEB-18
HMLLWBBXX_16496349_S58_L008_R1_001.fastq.gz,14_RS,Brooks OCA1_2,HiSeq4000,4.28,18156492,76,RNA-Seq PolyA,20-FEB-18
HMLLWBBXX_16496349_S58_L008_R2_001.fastq.gz,14_RS,Brooks OCA1_2,HiSeq4000,4.28,18156492,76,RNA-Seq PolyA,20-FEB-18
HMLLWBBXX_16496349_S58_L007_R1_001.fastq.gz,14_RS,Brooks OCA1_2,HiSeq4000,5.09,19355960,76,RNA-Seq PolyA,20-FEB-18
HMLLWBBXX_16496349_S58_L007_R2_001.fastq.gz,14_RS,Brooks OCA1_2,HiSeq4000,5.09,19355960,76,RNA-Seq PolyA,20-FEB-18
HM7FMBBXX_16496356_S52_L005_R1_001.fastq.gz,15_RS,Brooks OCA1_2,HiSeq4000,2.94,12128956,76,RNA-Seq PolyA,05-FEB-18
HM7FMBBXX_16496356_S52_L005_R2_001.fastq.gz,15_RS,Brooks OCA1_2,HiSeq4000,2.94,12128956,76,RNA-Seq PolyA,05-FEB-18
HMLLWBBXX_16496356_S65_L007_R1_001.fastq.gz,15_RS,Brooks OCA1_2,HiSeq4000,4.69,12556417,76,RNA-Seq PolyA,20-FEB-18
HMLLWBBXX_16496356_S65_L007_R2_001.fastq.gz,15_RS,Brooks OCA1_2,HiSeq4000,4.69,12556417,76,RNA-Seq PolyA,20-FEB-18
HMLLWBBXX_16496356_S65_L006_R1_001.fastq.gz,15_RS,Brooks OCA1_2,HiSeq4000,4.49,12282526,76,RNA-Seq PolyA,20-FEB-18
HMLLWBBXX_16496356_S65_L006_R2_001.fastq.gz,15_RS,Brooks OCA1_2,HiSeq4000,4.49,12282526,76,RNA-Seq PolyA,20-FEB-18
HMLLWBBXX_16496356_S65_L008_R1_001.fastq.gz,15_RS,Brooks OCA1_2,HiSeq4000,3.91,11856820,76,RNA-Seq PolyA,20-FEB-18
HMLLWBBXX_16496356_S65_L008_R2_001.fastq.gz,15_RS,Brooks OCA1_2,HiSeq4000,3.91,11856820,76,RNA-Seq PolyA,20-FEB-18
HMLLWBBXX_16496346_S55_L006_R1_001.fastq.gz,16_RS,Brooks OCA1_2,HiSeq4000,4.06,12533742,76,RNA-Seq PolyA,20-FEB-18
HMLLWBBXX_16496346_S55_L006_R2_001.fastq.gz,16_RS,Brooks OCA1_2,HiSeq4000,4.06,12533742,76,RNA-Seq PolyA,20-FEB-18
HM7FMBBXX_16496346_S42_L005_R1_001.fastq.gz,16_RS,Brooks OCA1_2,HiSeq4000,2.70,12434217,76,RNA-Seq PolyA,05-FEB-18
HM7FMBBXX_16496346_S42_L005_R2_001.fastq.gz,16_RS,Brooks OCA1_2,HiSeq4000,2.70,12434217,76,RNA-Seq PolyA,05-FEB-18
HMLLWBBXX_16496346_S55_L008_R1_001.fastq.gz,16_RS,Brooks OCA1_2,HiSeq4000,3.54,12163629,76,RNA-Seq PolyA,20-FEB-18
HMLLWBBXX_16496346_S55_L008_R2_001.fastq.gz,16_RS,Brooks OCA1_2,HiSeq4000,3.54,12163629,76,RNA-Seq PolyA,20-FEB-18
HMLLWBBXX_16496346_S55_L007_R1_001.fastq.gz,16_RS,Brooks OCA1_2,HiSeq4000,4.29,12848410,76,RNA-Seq PolyA,20-FEB-18
HMLLWBBXX_16496346_S55_L007_R2_001.fastq.gz,16_RS,Brooks OCA1_2,HiSeq4000,4.29,12848410,76,RNA-Seq PolyA,20-FEB-18
HMLLWBBXX_16496345_S54_L007_R1_001.fastq.gz,17_RS,Brooks OCA1_2,HiSeq4000,4.41,17961239,76,RNA-Seq PolyA,20-FEB-18
HMLLWBBXX_16496345_S54_L007_R2_001.fastq.gz,17_RS,Brooks OCA1_2,HiSeq4000,4.41,17961239,76,RNA-Seq PolyA,20-FEB-18
HM7FMBBXX_16496345_S41_L005_R1_001.fastq.gz,17_RS,Brooks OCA1_2,HiSeq4000,2.96,18198397,76,RNA-Seq PolyA,05-FEB-18
HM7FMBBXX_16496345_S41_L005_R2_001.fastq.gz,17_RS,Brooks OCA1_2,HiSeq4000,2.96,18198397,76,RNA-Seq PolyA,05-FEB-18
HMLLWBBXX_16496345_S54_L006_R1_001.fastq.gz,17_RS,Brooks OCA1_2,HiSeq4000,4.03,17009042,76,RNA-Seq PolyA,20-FEB-18
HMLLWBBXX_16496345_S54_L006_R2_001.fastq.gz,17_RS,Brooks OCA1_2,HiSeq4000,4.03,17009042,76,RNA-Seq PolyA,20-FEB-18
HMLLWBBXX_16496345_S54_L008_R1_001.fastq.gz,17_RS,Brooks OCA1_2,HiSeq4000,3.68,16668987,76,RNA-Seq PolyA,20-FEB-18
HMLLWBBXX_16496345_S54_L008_R2_001.fastq.gz,17_RS,Brooks OCA1_2,HiSeq4000,3.68,16668987,76,RNA-Seq PolyA,20-FEB-18
HM7FMBBXX_16496347_S43_L005_R1_001.fastq.gz,18_RS,Brooks OCA1_2,HiSeq4000,2.60,14023072,76,RNA-Seq PolyA,05-FEB-18
HM7FMBBXX_16496347_S43_L005_R2_001.fastq.gz,18_RS,Brooks OCA1_2,HiSeq4000,2.60,14023072,76,RNA-Seq PolyA,05-FEB-18
HMLLWBBXX_16496347_S56_L007_R1_001.fastq.gz,18_RS,Brooks OCA1_2,HiSeq4000,4.13,14334552,76,RNA-Seq PolyA,20-FEB-18
HMLLWBBXX_16496347_S56_L007_R2_001.fastq.gz,18_RS,Brooks OCA1_2,HiSeq4000,4.13,14334552,76,RNA-Seq PolyA,20-FEB-18
HMLLWBBXX_16496347_S56_L008_R1_001.fastq.gz,18_RS,Brooks OCA1_2,HiSeq4000,3.41,13496807,76,RNA-Seq PolyA,20-FEB-18
HMLLWBBXX_16496347_S56_L008_R2_001.fastq.gz,18_RS,Brooks OCA1_2,HiSeq4000,3.41,13496807,76,RNA-Seq PolyA,20-FEB-18
HMLLWBBXX_16496347_S56_L006_R1_001.fastq.gz,18_RS,Brooks OCA1_2,HiSeq4000,3.90,13881365,76,RNA-Seq PolyA,20-FEB-18
HMLLWBBXX_16496347_S56_L006_R2_001.fastq.gz,18_RS,Brooks OCA1_2,HiSeq4000,3.90,13881365,76,RNA-Seq PolyA,20-FEB-18
HMLLWBBXX_16496354_S63_L008_R1_001.fastq.gz,19_RS,Brooks OCA1_2,HiSeq4000,4.77,14956003,76,RNA-Seq PolyA,20-FEB-18
HMLLWBBXX_16496354_S63_L008_R2_001.fastq.gz,19_RS,Brooks OCA1_2,HiSeq4000,4.77,14956003,76,RNA-Seq PolyA,20-FEB-18
HM7FMBBXX_16496354_S50_L005_R1_001.fastq.gz,19_RS,Brooks OCA1_2,HiSeq4000,3.78,15565537,76,RNA-Seq PolyA,05-FEB-18
HM7FMBBXX_16496354_S50_L005_R2_001.fastq.gz,19_RS,Brooks OCA1_2,HiSeq4000,3.78,15565537,76,RNA-Seq PolyA,05-FEB-18
HMLLWBBXX_16496354_S63_L006_R1_001.fastq.gz,19_RS,Brooks OCA1_2,HiSeq4000,5.27,15286618,76,RNA-Seq PolyA,20-FEB-18
HMLLWBBXX_16496354_S63_L006_R2_001.fastq.gz,19_RS,Brooks OCA1_2,HiSeq4000,5.27,15286618,76,RNA-Seq PolyA,20-FEB-18
HMLLWBBXX_16496354_S63_L007_R1_001.fastq.gz,19_RS,Brooks OCA1_2,HiSeq4000,5.66,15794630,76,RNA-Seq PolyA,20-FEB-18
HMLLWBBXX_16496354_S63_L007_R2_001.fastq.gz,19_RS,Brooks OCA1_2,HiSeq4000,5.66,15794630,76,RNA-Seq PolyA,20-FEB-18
HMLLWBBXX_16496343_S52_L007_R1_001.fastq.gz,20_RS,Brooks OCA1_2,HiSeq4000,4.40,15158934,76,RNA-Seq PolyA,20-FEB-18
HMLLWBBXX_16496343_S52_L007_R2_001.fastq.gz,20_RS,Brooks OCA1_2,HiSeq4000,4.40,15158934,76,RNA-Seq PolyA,20-FEB-18
HM7FMBBXX_16496343_S39_L005_R1_001.fastq.gz,20_RS,Brooks OCA1_2,HiSeq4000,2.79,14787159,76,RNA-Seq PolyA,05-FEB-18
HM7FMBBXX_16496343_S39_L005_R2_001.fastq.gz,20_RS,Brooks OCA1_2,HiSeq4000,2.79,14787159,76,RNA-Seq PolyA,05-FEB-18
HMLLWBBXX_16496343_S52_L006_R1_001.fastq.gz,20_RS,Brooks OCA1_2,HiSeq4000,4.15,14754010,76,RNA-Seq PolyA,20-FEB-18
HMLLWBBXX_16496343_S52_L006_R2_001.fastq.gz,20_RS,Brooks OCA1_2,HiSeq4000,4.15,14754010,76,RNA-Seq PolyA,20-FEB-18
HMLLWBBXX_16496343_S52_L008_R1_001.fastq.gz,20_RS,Brooks OCA1_2,HiSeq4000,3.65,14309648,76,RNA-Seq PolyA,20-FEB-18
HMLLWBBXX_16496343_S52_L008_R2_001.fastq.gz,20_RS,Brooks OCA1_2,HiSeq4000,3.65,14309648,76,RNA-Seq PolyA,20-FEB-18
HMLLWBBXX_16496342_S51_L008_R1_001.fastq.gz,21_RS,Brooks OCA1_2,HiSeq4000,4.03,14615594,76,RNA-Seq PolyA,20-FEB-18
HMLLWBBXX_16496342_S51_L008_R2_001.fastq.gz,21_RS,Brooks OCA1_2,HiSeq4000,4.03,14615594,76,RNA-Seq PolyA,20-FEB-18
HMLLWBBXX_16496342_S51_L007_R1_001.fastq.gz,21_RS,Brooks OCA1_2,HiSeq4000,4.87,15602392,76,RNA-Seq PolyA,20-FEB-18
HMLLWBBXX_16496342_S51_L007_R2_001.fastq.gz,21_RS,Brooks OCA1_2,HiSeq4000,4.87,15602392,76,RNA-Seq PolyA,20-FEB-18
HMLLWBBXX_16496342_S51_L006_R1_001.fastq.gz,21_RS,Brooks OCA1_2,HiSeq4000,4.50,14956431,76,RNA-Seq PolyA,20-FEB-18
HMLLWBBXX_16496342_S51_L006_R2_001.fastq.gz,21_RS,Brooks OCA1_2,HiSeq4000,4.50,14956431,76,RNA-Seq PolyA,20-FEB-18
HM7FMBBXX_16496342_S38_L005_R1_001.fastq.gz,21_RS,Brooks OCA1_2,HiSeq4000,3.25,15500266,76,RNA-Seq PolyA,05-FEB-18
HM7FMBBXX_16496342_S38_L005_R2_001.fastq.gz,21_RS,Brooks OCA1_2,HiSeq4000,3.25,15500266,76,RNA-Seq PolyA,05-FEB-18
HM7HWBBXX_16424745_S56_L006_R1_001.fastq.gz,AG1,Brooks OCA1_2,HiSeq4000,1.44,16058510,76,RNA-Seq PolyA,09-FEB-18
HM7HWBBXX_16424745_S56_L006_R2_001.fastq.gz,AG1,Brooks OCA1_2,HiSeq4000,1.44,16058510,76,RNA-Seq PolyA,09-FEB-18
HM7FMBBXX_16424745_S65_L007_R1_001.fastq.gz,AG1,Brooks OCA1_2,HiSeq4000,2.29,16066409,76,RNA-Seq PolyA,05-FEB-18
HM7FMBBXX_16424745_S65_L007_R2_001.fastq.gz,AG1,Brooks OCA1_2,HiSeq4000,2.29,16066409,76,RNA-Seq PolyA,05-FEB-18
HM7MVBBXX_16424745_S67_L008_R1_001.fastq.gz,AG1,Brooks OCA1_2,HiSeq4000,2.37,15161739,76,RNA-Seq PolyA,25-JAN-18
HM7MVBBXX_16424745_S67_L008_R2_001.fastq.gz,AG1,Brooks OCA1_2,HiSeq4000,2.37,15161739,76,RNA-Seq PolyA,25-JAN-18
HM7HWBBXX_16424745_S56_L007_R1_001.fastq.gz,AG1,Brooks OCA1_2,HiSeq4000,1.52,16077892,76,RNA-Seq PolyA,09-FEB-18
HM7HWBBXX_16424745_S56_L007_R2_001.fastq.gz,AG1,Brooks OCA1_2,HiSeq4000,1.52,16077892,76,RNA-Seq PolyA,09-FEB-18
HM7HWBBXX_16424739_S50_L007_R1_001.fastq.gz,AG2,Brooks OCA1_2,HiSeq4000,2.32,20650227,76,RNA-Seq PolyA,09-FEB-18
HM7HWBBXX_16424739_S50_L007_R2_001.fastq.gz,AG2,Brooks OCA1_2,HiSeq4000,2.32,20650227,76,RNA-Seq PolyA,09-FEB-18
HM7MVBBXX_16424739_S61_L008_R1_001.fastq.gz,AG2,Brooks OCA1_2,HiSeq4000,3.51,19474690,76,RNA-Seq PolyA,25-JAN-18
HM7MVBBXX_16424739_S61_L008_R2_001.fastq.gz,AG2,Brooks OCA1_2,HiSeq4000,3.51,19474690,76,RNA-Seq PolyA,25-JAN-18
HM7FMBBXX_16424739_S59_L007_R1_001.fastq.gz,AG2,Brooks OCA1_2,HiSeq4000,3.37,20578251,76,RNA-Seq PolyA,05-FEB-18
HM7FMBBXX_16424739_S59_L007_R2_001.fastq.gz,AG2,Brooks OCA1_2,HiSeq4000,3.37,20578251,76,RNA-Seq PolyA,05-FEB-18
HM7HWBBXX_16424739_S50_L006_R1_001.fastq.gz,AG2,Brooks OCA1_2,HiSeq4000,2.18,20588340,76,RNA-Seq PolyA,09-FEB-18
HM7HWBBXX_16424739_S50_L006_R2_001.fastq.gz,AG2,Brooks OCA1_2,HiSeq4000,2.18,20588340,76,RNA-Seq PolyA,09-FEB-18
HM7HWBBXX_16424752_S63_L006_R1_001.fastq.gz,AG3,Brooks OCA1_2,HiSeq4000,1.47,15931696,76,RNA-Seq PolyA,09-FEB-18
HM7HWBBXX_16424752_S63_L006_R2_001.fastq.gz,AG3,Brooks OCA1_2,HiSeq4000,1.47,15931696,76,RNA-Seq PolyA,09-FEB-18
HM7HWBBXX_16424752_S63_L007_R1_001.fastq.gz,AG3,Brooks OCA1_2,HiSeq4000,1.55,15948618,76,RNA-Seq PolyA,09-FEB-18
HM7HWBBXX_16424752_S63_L007_R2_001.fastq.gz,AG3,Brooks OCA1_2,HiSeq4000,1.55,15948618,76,RNA-Seq PolyA,09-FEB-18
HM7MVBBXX_16424752_S74_L008_R1_001.fastq.gz,AG3,Brooks OCA1_2,HiSeq4000,2.45,15053343,76,RNA-Seq PolyA,25-JAN-18
HM7MVBBXX_16424752_S74_L008_R2_001.fastq.gz,AG3,Brooks OCA1_2,HiSeq4000,2.45,15053343,76,RNA-Seq PolyA,25-JAN-18
HM7FMBBXX_16424752_S72_L007_R1_001.fastq.gz,AG3,Brooks OCA1_2,HiSeq4000,2.34,15933266,76,RNA-Seq PolyA,05-FEB-18
HM7FMBBXX_16424752_S72_L007_R2_001.fastq.gz,AG3,Brooks OCA1_2,HiSeq4000,2.34,15933266,76,RNA-Seq PolyA,05-FEB-18
HM7FMBBXX_16424740_S60_L007_R1_001.fastq.gz,AG4,Brooks OCA1_2,HiSeq4000,2.83,21117334,76,RNA-Seq PolyA,05-FEB-18
HM7FMBBXX_16424740_S60_L007_R2_001.fastq.gz,AG4,Brooks OCA1_2,HiSeq4000,2.83,21117334,76,RNA-Seq PolyA,05-FEB-18
HM7HWBBXX_16424740_S51_L006_R1_001.fastq.gz,AG4,Brooks OCA1_2,HiSeq4000,1.80,21014298,76,RNA-Seq PolyA,09-FEB-18
HM7HWBBXX_16424740_S51_L006_R2_001.fastq.gz,AG4,Brooks OCA1_2,HiSeq4000,1.80,21014298,76,RNA-Seq PolyA,09-FEB-18
HM7MVBBXX_16424740_S62_L008_R1_001.fastq.gz,AG4,Brooks OCA1_2,HiSeq4000,2.97,20028869,76,RNA-Seq PolyA,25-JAN-18
HM7MVBBXX_16424740_S62_L008_R2_001.fastq.gz,AG4,Brooks OCA1_2,HiSeq4000,2.97,20028869,76,RNA-Seq PolyA,25-JAN-18
HM7HWBBXX_16424740_S51_L007_R1_001.fastq.gz,AG4,Brooks OCA1_2,HiSeq4000,1.92,21114511,76,RNA-Seq PolyA,09-FEB-18
HM7HWBBXX_16424740_S51_L007_R2_001.fastq.gz,AG4,Brooks OCA1_2,HiSeq4000,1.92,21114511,76,RNA-Seq PolyA,09-FEB-18
HM7MVBBXX_16424746_S68_L008_R1_001.fastq.gz,AG5,Brooks OCA1_2,HiSeq4000,2.84,16298568,76,RNA-Seq PolyA,25-JAN-18
HM7MVBBXX_16424746_S68_L008_R2_001.fastq.gz,AG5,Brooks OCA1_2,HiSeq4000,2.84,16298568,76,RNA-Seq PolyA,25-JAN-18
HM7HWBBXX_16424746_S57_L006_R1_001.fastq.gz,AG5,Brooks OCA1_2,HiSeq4000,1.72,17096637,76,RNA-Seq PolyA,09-FEB-18
HM7HWBBXX_16424746_S57_L006_R2_001.fastq.gz,AG5,Brooks OCA1_2,HiSeq4000,1.72,17096637,76,RNA-Seq PolyA,09-FEB-18
HM7HWBBXX_16424746_S57_L007_R1_001.fastq.gz,AG5,Brooks OCA1_2,HiSeq4000,1.81,17107215,76,RNA-Seq PolyA,09-FEB-18
HM7HWBBXX_16424746_S57_L007_R2_001.fastq.gz,AG5,Brooks OCA1_2,HiSeq4000,1.81,17107215,76,RNA-Seq PolyA,09-FEB-18
HM7FMBBXX_16424746_S66_L007_R1_001.fastq.gz,AG5,Brooks OCA1_2,HiSeq4000,2.71,17055371,76,RNA-Seq PolyA,05-FEB-18
HM7FMBBXX_16424746_S66_L007_R2_001.fastq.gz,AG5,Brooks OCA1_2,HiSeq4000,2.71,17055371,76,RNA-Seq PolyA,05-FEB-18
HM7MVBBXX_16424747_S69_L008_R1_001.fastq.gz,KB1,Brooks OCA1_2,HiSeq4000,2.79,18547642,76,RNA-Seq PolyA,25-JAN-18
HM7MVBBXX_16424747_S69_L008_R2_001.fastq.gz,KB1,Brooks OCA1_2,HiSeq4000,2.79,18547642,76,RNA-Seq PolyA,25-JAN-18
HM7HWBBXX_16424747_S58_L006_R1_001.fastq.gz,KB1,Brooks OCA1_2,HiSeq4000,1.71,19880579,76,RNA-Seq PolyA,09-FEB-18
HM7HWBBXX_16424747_S58_L006_R2_001.fastq.gz,KB1,Brooks OCA1_2,HiSeq4000,1.71,19880579,76,RNA-Seq PolyA,09-FEB-18
HM7FMBBXX_16424747_S67_L007_R1_001.fastq.gz,KB1,Brooks OCA1_2,HiSeq4000,2.67,19863624,76,RNA-Seq PolyA,05-FEB-18
HM7FMBBXX_16424747_S67_L007_R2_001.fastq.gz,KB1,Brooks OCA1_2,HiSeq4000,2.67,19863624,76,RNA-Seq PolyA,05-FEB-18
HM7HWBBXX_16424747_S58_L007_R1_001.fastq.gz,KB1,Brooks OCA1_2,HiSeq4000,1.81,19968016,76,RNA-Seq PolyA,09-FEB-18
HM7HWBBXX_16424747_S58_L007_R2_001.fastq.gz,KB1,Brooks OCA1_2,HiSeq4000,1.81,19968016,76,RNA-Seq PolyA,09-FEB-18
HM7FMBBXX_16424754_S74_L007_R1_001.fastq.gz,KB2,Brooks OCA1_2,HiSeq4000,2.68,16182816,76,RNA-Seq PolyA,05-FEB-18
HM7FMBBXX_16424754_S74_L007_R2_001.fastq.gz,KB2,Brooks OCA1_2,HiSeq4000,2.68,16182816,76,RNA-Seq PolyA,05-FEB-18
HM7HWBBXX_16424754_S65_L007_R1_001.fastq.gz,KB2,Brooks OCA1_2,HiSeq4000,1.80,16086727,76,RNA-Seq PolyA,09-FEB-18
HM7HWBBXX_16424754_S65_L007_R2_001.fastq.gz,KB2,Brooks OCA1_2,HiSeq4000,1.80,16086727,76,RNA-Seq PolyA,09-FEB-18
HM7MVBBXX_16424754_S76_L008_R1_001.fastq.gz,KB2,Brooks OCA1_2,HiSeq4000,2.78,15347198,76,RNA-Seq PolyA,25-JAN-18
HM7MVBBXX_16424754_S76_L008_R2_001.fastq.gz,KB2,Brooks OCA1_2,HiSeq4000,2.78,15347198,76,RNA-Seq PolyA,25-JAN-18
HM7HWBBXX_16424754_S65_L006_R1_001.fastq.gz,KB2,Brooks OCA1_2,HiSeq4000,1.69,16019616,76,RNA-Seq PolyA,09-FEB-18
HM7HWBBXX_16424754_S65_L006_R2_001.fastq.gz,KB2,Brooks OCA1_2,HiSeq4000,1.69,16019616,76,RNA-Seq PolyA,09-FEB-18
HM7HWBBXX_16424741_S52_L006_R1_001.fastq.gz,KB3,Brooks OCA1_2,HiSeq4000,1.50,17165490,76,RNA-Seq PolyA,09-FEB-18
HM7HWBBXX_16424741_S52_L006_R2_001.fastq.gz,KB3,Brooks OCA1_2,HiSeq4000,1.50,17165490,76,RNA-Seq PolyA,09-FEB-18
HM7MVBBXX_16424741_S63_L008_R1_001.fastq.gz,KB3,Brooks OCA1_2,HiSeq4000,2.47,16300148,76,RNA-Seq PolyA,25-JAN-18
HM7MVBBXX_16424741_S63_L008_R2_001.fastq.gz,KB3,Brooks OCA1_2,HiSeq4000,2.47,16300148,76,RNA-Seq PolyA,25-JAN-18
HM7HWBBXX_16424741_S52_L007_R1_001.fastq.gz,KB3,Brooks OCA1_2,HiSeq4000,1.60,17241484,76,RNA-Seq PolyA,09-FEB-18
HM7HWBBXX_16424741_S52_L007_R2_001.fastq.gz,KB3,Brooks OCA1_2,HiSeq4000,1.60,17241484,76,RNA-Seq PolyA,09-FEB-18
HM7FMBBXX_16424741_S61_L007_R1_001.fastq.gz,KB3,Brooks OCA1_2,HiSeq4000,2.41,17343369,76,RNA-Seq PolyA,05-FEB-18
HM7FMBBXX_16424741_S61_L007_R2_001.fastq.gz,KB3,Brooks OCA1_2,HiSeq4000,2.41,17343369,76,RNA-Seq PolyA,05-FEB-18
HM7FMBBXX_16424744_S64_L007_R1_001.fastq.gz,KB4,Brooks OCA1_2,HiSeq4000,3.60,21429807,76,RNA-Seq PolyA,05-FEB-18
HM7FMBBXX_16424744_S64_L007_R2_001.fastq.gz,KB4,Brooks OCA1_2,HiSeq4000,3.60,21429807,76,RNA-Seq PolyA,05-FEB-18
HM7HWBBXX_16424744_S55_L007_R1_001.fastq.gz,KB4,Brooks OCA1_2,HiSeq4000,2.50,21518740,76,RNA-Seq PolyA,09-FEB-18
HM7HWBBXX_16424744_S55_L007_R2_001.fastq.gz,KB4,Brooks OCA1_2,HiSeq4000,2.50,21518740,76,RNA-Seq PolyA,09-FEB-18
HM7MVBBXX_16424744_S66_L008_R1_001.fastq.gz,KB4,Brooks OCA1_2,HiSeq4000,3.76,20212724,76,RNA-Seq PolyA,25-JAN-18
HM7MVBBXX_16424744_S66_L008_R2_001.fastq.gz,KB4,Brooks OCA1_2,HiSeq4000,3.76,20212724,76,RNA-Seq PolyA,25-JAN-18
HM7HWBBXX_16424744_S55_L006_R1_001.fastq.gz,KB4,Brooks OCA1_2,HiSeq4000,2.34,21375570,76,RNA-Seq PolyA,09-FEB-18
HM7HWBBXX_16424744_S55_L006_R2_001.fastq.gz,KB4,Brooks OCA1_2,HiSeq4000,2.34,21375570,76,RNA-Seq PolyA,09-FEB-18
HM7HWBBXX_16424738_S49_L006_R1_001.fastq.gz,KB5,Brooks OCA1_2,HiSeq4000,1.87,20505207,76,RNA-Seq PolyA,09-FEB-18
HM7HWBBXX_16424738_S49_L006_R2_001.fastq.gz,KB5,Brooks OCA1_2,HiSeq4000,1.87,20505207,76,RNA-Seq PolyA,09-FEB-18
HM7HWBBXX_16424738_S49_L007_R1_001.fastq.gz,KB5,Brooks OCA1_2,HiSeq4000,1.98,20587330,76,RNA-Seq PolyA,09-FEB-18
HM7HWBBXX_16424738_S49_L007_R2_001.fastq.gz,KB5,Brooks OCA1_2,HiSeq4000,1.98,20587330,76,RNA-Seq PolyA,09-FEB-18
HM7FMBBXX_16424738_S58_L007_R1_001.fastq.gz,KB5,Brooks OCA1_2,HiSeq4000,2.92,20589555,76,RNA-Seq PolyA,05-FEB-18
HM7FMBBXX_16424738_S58_L007_R2_001.fastq.gz,KB5,Brooks OCA1_2,HiSeq4000,2.92,20589555,76,RNA-Seq PolyA,05-FEB-18
HM7MVBBXX_16424738_S60_L008_R1_001.fastq.gz,KB5,Brooks OCA1_2,HiSeq4000,3.03,19543958,76,RNA-Seq PolyA,25-JAN-18
HM7MVBBXX_16424738_S60_L008_R2_001.fastq.gz,KB5,Brooks OCA1_2,HiSeq4000,3.03,19543958,76,RNA-Seq PolyA,25-JAN-18
HM7HWBBXX_16424750_S61_L006_R1_001.fastq.gz,KB6,Brooks OCA1_2,HiSeq4000,1.99,19008428,76,RNA-Seq PolyA,09-FEB-18
HM7HWBBXX_16424750_S61_L006_R2_001.fastq.gz,KB6,Brooks OCA1_2,HiSeq4000,1.99,19008428,76,RNA-Seq PolyA,09-FEB-18
HM7HWBBXX_16424750_S61_L007_R1_001.fastq.gz,KB6,Brooks OCA1_2,HiSeq4000,2.14,19060644,76,RNA-Seq PolyA,09-FEB-18
HM7HWBBXX_16424750_S61_L007_R2_001.fastq.gz,KB6,Brooks OCA1_2,HiSeq4000,2.14,19060644,76,RNA-Seq PolyA,09-FEB-18
HM7FMBBXX_16424750_S70_L007_R1_001.fastq.gz,KB6,Brooks OCA1_2,HiSeq4000,3.10,19030521,76,RNA-Seq PolyA,05-FEB-18
HM7FMBBXX_16424750_S70_L007_R2_001.fastq.gz,KB6,Brooks OCA1_2,HiSeq4000,3.10,19030521,76,RNA-Seq PolyA,05-FEB-18
HM7MVBBXX_16424750_S72_L008_R1_001.fastq.gz,KB6,Brooks OCA1_2,HiSeq4000,3.19,17956335,76,RNA-Seq PolyA,25-JAN-18
HM7MVBBXX_16424750_S72_L008_R2_001.fastq.gz,KB6,Brooks OCA1_2,HiSeq4000,3.19,17956335,76,RNA-Seq PolyA,25-JAN-18
HM7HWBBXX_16424748_S59_L006_R1_001.fastq.gz,KB7,Brooks OCA1_2,HiSeq4000,1.69,15825282,76,RNA-Seq PolyA,09-FEB-18
HM7HWBBXX_16424748_S59_L006_R2_001.fastq.gz,KB7,Brooks OCA1_2,HiSeq4000,1.69,15825282,76,RNA-Seq PolyA,09-FEB-18
HM7FMBBXX_16424748_S68_L007_R1_001.fastq.gz,KB7,Brooks OCA1_2,HiSeq4000,2.65,15860919,76,RNA-Seq PolyA,05-FEB-18
HM7FMBBXX_16424748_S68_L007_R2_001.fastq.gz,KB7,Brooks OCA1_2,HiSeq4000,2.65,15860919,76,RNA-Seq PolyA,05-FEB-18
HM7MVBBXX_16424748_S70_L008_R1_001.fastq.gz,KB7,Brooks OCA1_2,HiSeq4000,2.77,14922526,76,RNA-Seq PolyA,25-JAN-18
HM7MVBBXX_16424748_S70_L008_R2_001.fastq.gz,KB7,Brooks OCA1_2,HiSeq4000,2.77,14922526,76,RNA-Seq PolyA,25-JAN-18
HM7HWBBXX_16424748_S59_L007_R1_001.fastq.gz,KB7,Brooks OCA1_2,HiSeq4000,1.79,15853329,76,RNA-Seq PolyA,09-FEB-18
HM7HWBBXX_16424748_S59_L007_R2_001.fastq.gz,KB7,Brooks OCA1_2,HiSeq4000,1.79,15853329,76,RNA-Seq PolyA,09-FEB-18
HM7HWBBXX_16424751_S62_L007_R1_001.fastq.gz,KB8,Brooks OCA1_2,HiSeq4000,2.26,18459063,76,RNA-Seq PolyA,09-FEB-18
HM7HWBBXX_16424751_S62_L007_R2_001.fastq.gz,KB8,Brooks OCA1_2,HiSeq4000,2.26,18459063,76,RNA-Seq PolyA,09-FEB-18
HM7FMBBXX_16424751_S71_L007_R1_001.fastq.gz,KB8,Brooks OCA1_2,HiSeq4000,3.27,18444659,76,RNA-Seq PolyA,05-FEB-18
HM7FMBBXX_16424751_S71_L007_R2_001.fastq.gz,KB8,Brooks OCA1_2,HiSeq4000,3.27,18444659,76,RNA-Seq PolyA,05-FEB-18
HM7MVBBXX_16424751_S73_L008_R1_001.fastq.gz,KB8,Brooks OCA1_2,HiSeq4000,3.33,17192894,76,RNA-Seq PolyA,25-JAN-18
HM7MVBBXX_16424751_S73_L008_R2_001.fastq.gz,KB8,Brooks OCA1_2,HiSeq4000,3.33,17192894,76,RNA-Seq PolyA,25-JAN-18
HM7HWBBXX_16424751_S62_L006_R1_001.fastq.gz,KB8,Brooks OCA1_2,HiSeq4000,2.11,18309246,76,RNA-Seq PolyA,09-FEB-18
HM7HWBBXX_16424751_S62_L006_R2_001.fastq.gz,KB8,Brooks OCA1_2,HiSeq4000,2.11,18309246,76,RNA-Seq PolyA,09-FEB-18
HM7HWBBXX_16424742_S53_L007_R1_001.fastq.gz,KB9,Brooks OCA1_2,HiSeq4000,1.80,20227713,76,RNA-Seq PolyA,09-FEB-18
HM7HWBBXX_16424742_S53_L007_R2_001.fastq.gz,KB9,Brooks OCA1_2,HiSeq4000,1.80,20227713,76,RNA-Seq PolyA,09-FEB-18
HM7FMBBXX_16424742_S62_L007_R1_001.fastq.gz,KB9,Brooks OCA1_2,HiSeq4000,2.65,20253908,76,RNA-Seq PolyA,05-FEB-18
HM7FMBBXX_16424742_S62_L007_R2_001.fastq.gz,KB9,Brooks OCA1_2,HiSeq4000,2.65,20253908,76,RNA-Seq PolyA,05-FEB-18
HM7HWBBXX_16424742_S53_L006_R1_001.fastq.gz,KB9,Brooks OCA1_2,HiSeq4000,1.69,20106083,76,RNA-Seq PolyA,09-FEB-18
HM7HWBBXX_16424742_S53_L006_R2_001.fastq.gz,KB9,Brooks OCA1_2,HiSeq4000,1.69,20106083,76,RNA-Seq PolyA,09-FEB-18
HM7MVBBXX_16424742_S64_L008_R1_001.fastq.gz,KB9,Brooks OCA1_2,HiSeq4000,2.74,18937364,76,RNA-Seq PolyA,25-JAN-18
HM7MVBBXX_16424742_S64_L008_R2_001.fastq.gz,KB9,Brooks OCA1_2,HiSeq4000,2.74,18937364,76,RNA-Seq PolyA,25-JAN-18
HM7MVBBXX_16424753_S75_L008_R1_001.fastq.gz,KB10,Brooks OCA1_2,HiSeq4000,2.46,15025575,76,RNA-Seq PolyA,25-JAN-18
HM7MVBBXX_16424753_S75_L008_R2_001.fastq.gz,KB10,Brooks OCA1_2,HiSeq4000,2.46,15025575,76,RNA-Seq PolyA,25-JAN-18
HM7HWBBXX_16424753_S64_L007_R1_001.fastq.gz,KB10,Brooks OCA1_2,HiSeq4000,1.62,16156645,76,RNA-Seq PolyA,09-FEB-18
HM7HWBBXX_16424753_S64_L007_R2_001.fastq.gz,KB10,Brooks OCA1_2,HiSeq4000,1.62,16156645,76,RNA-Seq PolyA,09-FEB-18
HM7HWBBXX_16424753_S64_L006_R1_001.fastq.gz,KB10,Brooks OCA1_2,HiSeq4000,1.52,16078341,76,RNA-Seq PolyA,09-FEB-18
HM7HWBBXX_16424753_S64_L006_R2_001.fastq.gz,KB10,Brooks OCA1_2,HiSeq4000,1.52,16078341,76,RNA-Seq PolyA,09-FEB-18
HM7FMBBXX_16424753_S73_L007_R1_001.fastq.gz,KB10,Brooks OCA1_2,HiSeq4000,2.41,16162233,76,RNA-Seq PolyA,05-FEB-18
HM7FMBBXX_16424753_S73_L007_R2_001.fastq.gz,KB10,Brooks OCA1_2,HiSeq4000,2.41,16162233,76,RNA-Seq PolyA,05-FEB-18
HM7HWBBXX_16424749_S60_L006_R1_001.fastq.gz,KB11,Brooks OCA1_2,HiSeq4000,1.83,19623679,76,RNA-Seq PolyA,09-FEB-18
HM7HWBBXX_16424749_S60_L006_R2_001.fastq.gz,KB11,Brooks OCA1_2,HiSeq4000,1.83,19623679,76,RNA-Seq PolyA,09-FEB-18
HM7MVBBXX_16424749_S71_L008_R1_001.fastq.gz,KB11,Brooks OCA1_2,HiSeq4000,2.89,18164080,76,RNA-Seq PolyA,25-JAN-18
HM7MVBBXX_16424749_S71_L008_R2_001.fastq.gz,KB11,Brooks OCA1_2,HiSeq4000,2.89,18164080,76,RNA-Seq PolyA,25-JAN-18
HM7FMBBXX_16424749_S69_L007_R1_001.fastq.gz,KB11,Brooks OCA1_2,HiSeq4000,2.82,19683676,76,RNA-Seq PolyA,05-FEB-18
HM7FMBBXX_16424749_S69_L007_R2_001.fastq.gz,KB11,Brooks OCA1_2,HiSeq4000,2.82,19683676,76,RNA-Seq PolyA,05-FEB-18
HM7HWBBXX_16424749_S60_L007_R1_001.fastq.gz,KB11,Brooks OCA1_2,HiSeq4000,1.95,19820252,76,RNA-Seq PolyA,09-FEB-18
HM7HWBBXX_16424749_S60_L007_R2_001.fastq.gz,KB11,Brooks OCA1_2,HiSeq4000,1.95,19820252,76,RNA-Seq PolyA,09-FEB-18
HM7MVBBXX_16424743_S65_L008_R1_001.fastq.gz,KB12,Brooks OCA1_2,HiSeq4000,2.40,15634107,76,RNA-Seq PolyA,25-JAN-18
HM7MVBBXX_16424743_S65_L008_R2_001.fastq.gz,KB12,Brooks OCA1_2,HiSeq4000,2.40,15634107,76,RNA-Seq PolyA,25-JAN-18
HM7HWBBXX_16424743_S54_L006_R1_001.fastq.gz,KB12,Brooks OCA1_2,HiSeq4000,1.47,16745506,76,RNA-Seq PolyA,09-FEB-18
HM7HWBBXX_16424743_S54_L006_R2_001.fastq.gz,KB12,Brooks OCA1_2,HiSeq4000,1.47,16745506,76,RNA-Seq PolyA,09-FEB-18
HM7HWBBXX_16424743_S54_L007_R1_001.fastq.gz,KB12,Brooks OCA1_2,HiSeq4000,1.55,16859807,76,RNA-Seq PolyA,09-FEB-18
HM7HWBBXX_16424743_S54_L007_R2_001.fastq.gz,KB12,Brooks OCA1_2,HiSeq4000,1.55,16859807,76,RNA-Seq PolyA,09-FEB-18
HM7FMBBXX_16424743_S63_L007_R1_001.fastq.gz,KB12,Brooks OCA1_2,HiSeq4000,2.32,16887788,76,RNA-Seq PolyA,05-FEB-18
HM7FMBBXX_16424743_S63_L007_R2_001.fastq.gz,KB12,Brooks OCA1_2,HiSeq4000,2.32,16887788,76,RNA-Seq PolyA,05-FEB-18
