Sample	cell_line	CellType	Treatment	Owner	Class	Sample Number	Date Seeding	Start date treatment	Date harvesting	Replicate	Nanodrop	Shipped for RNA seq 15ul	TER	RIN number	Repo	name	fastq_path	Species	Library Type	Enrichment Method for RNA-Seq	Average Fragment Size (for ChIP-Seq or other pre-sheared samples)	Sample Vol (ul)	Sample Conc (ng/ul)	Comments/Special Instructions	info	Cell line	Info	Note	Condition	State	Name	Volume	Concentration	Source	Genotype	treatment_hours	serum	DrugSimple	Sample ID  Validation	Sample Conc (ug/ml)	ABCA4	Group	submitted_name	project	machine_type	pcnt_optical_duplicates	clusters	read_length	experiment_type	run_date	file_path	SampleCore	full_path
DR01	AMDCD	iRPE	CTRL	Dominik	Control	Sample 1	2021-03-31T00:00:00Z	2021-04-10T00:00:00Z	2021-05-13T00:00:00Z	1	170.77	2561.55	870	9.4	dominik_WNT_iRPE_2021	NA	NA	NA	NA	NA	NA	NA	NA	NA	NA	NA	NA	NA	NA	NA	NA	NA	NA	NA	NA	NA	NA	NA	NA	NA	NA	NA	NA	NA	NA	NA	NA	NA	NA	NA	NA	NA	NA
DR02	AMDCD	iRPE	PGE2	Dominik	Perturbed	Sample 2	2021-03-31T00:00:00Z	2021-04-10T00:00:00Z	2021-05-13T00:00:00Z	1	198.17	2972.5499999999997	1150	9.3	dominik_WNT_iRPE_2021	NA	NA	NA	NA	NA	NA	NA	NA	NA	NA	NA	NA	NA	NA	NA	NA	NA	NA	NA	NA	NA	NA	NA	NA	NA	NA	NA	NA	NA	NA	NA	NA	NA	NA	NA	NA	NA	NA
DR03	AMDCD	iRPE	ENDO-IWR1	Dominik	Perturbed	Sample 3	2021-03-31T00:00:00Z	2021-04-10T00:00:00Z	2021-05-13T00:00:00Z	1	158.25	2373.75	1200	9.5	dominik_WNT_iRPE_2021	NA	NA	NA	NA	NA	NA	NA	NA	NA	NA	NA	NA	NA	NA	NA	NA	NA	NA	NA	NA	NA	NA	NA	NA	NA	NA	NA	NA	NA	NA	NA	NA	NA	NA	NA	NA	NA	NA
DR04	AMDCD	iRPE	IWP2	Dominik	Perturbed	Sample 4	2021-03-31T00:00:00Z	2021-04-10T00:00:00Z	2021-05-13T00:00:00Z	1	200.38	3005.7	880	9.5	dominik_WNT_iRPE_2021	NA	NA	NA	NA	NA	NA	NA	NA	NA	NA	NA	NA	NA	NA	NA	NA	NA	NA	NA	NA	NA	NA	NA	NA	NA	NA	NA	NA	NA	NA	NA	NA	NA	NA	NA	NA	NA	NA
DR05	AMDCD	iRPE	CTRL	Dominik	Control	Sample 5	2021-03-31T00:00:00Z	2021-04-10T00:00:00Z	2021-05-13T00:00:00Z	2	212.61	3189.15	900	9.5	dominik_WNT_iRPE_2021	NA	NA	NA	NA	NA	NA	NA	NA	NA	NA	NA	NA	NA	NA	NA	NA	NA	NA	NA	NA	NA	NA	NA	NA	NA	NA	NA	NA	NA	NA	NA	NA	NA	NA	NA	NA	NA	NA
DR06	AMDCD	iRPE	PGE2	Dominik	Perturbed	Sample 6	2021-03-31T00:00:00Z	2021-04-10T00:00:00Z	2021-05-13T00:00:00Z	2	182.25	2733.75	930	9.3	dominik_WNT_iRPE_2021	NA	NA	NA	NA	NA	NA	NA	NA	NA	NA	NA	NA	NA	NA	NA	NA	NA	NA	NA	NA	NA	NA	NA	NA	NA	NA	NA	NA	NA	NA	NA	NA	NA	NA	NA	NA	NA	NA
DR07	AMDCD	iRPE	ENDO-IWR1	Dominik	Perturbed	Sample 7	2021-03-31T00:00:00Z	2021-04-10T00:00:00Z	2021-05-13T00:00:00Z	2	170.09	2551.35	1200	9.5	dominik_WNT_iRPE_2021	NA	NA	NA	NA	NA	NA	NA	NA	NA	NA	NA	NA	NA	NA	NA	NA	NA	NA	NA	NA	NA	NA	NA	NA	NA	NA	NA	NA	NA	NA	NA	NA	NA	NA	NA	NA	NA	NA
DR08	AMDCD	iRPE	IWP2	Dominik	Perturbed	Sample 8	2021-03-31T00:00:00Z	2021-04-10T00:00:00Z	2021-05-13T00:00:00Z	2	200.52	3007.8	880	9.4	dominik_WNT_iRPE_2021	NA	NA	NA	NA	NA	NA	NA	NA	NA	NA	NA	NA	NA	NA	NA	NA	NA	NA	NA	NA	NA	NA	NA	NA	NA	NA	NA	NA	NA	NA	NA	NA	NA	NA	NA	NA	NA	NA
DR09	AMDCD	iRPE	CTRL	Dominik	Control	Sample 9	2021-03-31T00:00:00Z	2021-04-10T00:00:00Z	2021-05-13T00:00:00Z	3	201.74	3026.1000000000004	930	9.3	dominik_WNT_iRPE_2021	NA	NA	NA	NA	NA	NA	NA	NA	NA	NA	NA	NA	NA	NA	NA	NA	NA	NA	NA	NA	NA	NA	NA	NA	NA	NA	NA	NA	NA	NA	NA	NA	NA	NA	NA	NA	NA	NA
DR10	AMDCD	iRPE	PGE2	Dominik	Perturbed	Sample 10	2021-03-31T00:00:00Z	2021-04-10T00:00:00Z	2021-05-13T00:00:00Z	3	211.83	3177.4500000000003	930	9.3	dominik_WNT_iRPE_2021	NA	NA	NA	NA	NA	NA	NA	NA	NA	NA	NA	NA	NA	NA	NA	NA	NA	NA	NA	NA	NA	NA	NA	NA	NA	NA	NA	NA	NA	NA	NA	NA	NA	NA	NA	NA	NA	NA
DR11	AMDCD	iRPE	ENDO-IWR1	Dominik	Perturbed	Sample 11	2021-03-31T00:00:00Z	2021-04-10T00:00:00Z	2021-05-13T00:00:00Z	3	182.47	2737.05	1150	9.6	dominik_WNT_iRPE_2021	NA	NA	NA	NA	NA	NA	NA	NA	NA	NA	NA	NA	NA	NA	NA	NA	NA	NA	NA	NA	NA	NA	NA	NA	NA	NA	NA	NA	NA	NA	NA	NA	NA	NA	NA	NA	NA	NA
DR12	AMDCD	iRPE	IWP2	Dominik	Perturbed	Sample 12	2021-03-31T00:00:00Z	2021-04-10T00:00:00Z	2021-05-13T00:00:00Z	3	225.86	3387.9	900	9.3	dominik_WNT_iRPE_2021	NA	NA	NA	NA	NA	NA	NA	NA	NA	NA	NA	NA	NA	NA	NA	NA	NA	NA	NA	NA	NA	NA	NA	NA	NA	NA	NA	NA	NA	NA	NA	NA	NA	NA	NA	NA	NA	NA
DR13	CEP290 717 CL10	iRPE	CTRL	Dominik	Perturbed	Sample 13	2021-03-31T00:00:00Z	2021-04-10T00:00:00Z	2021-05-13T00:00:00Z	1	183.09	2746.35	900	8.9	dominik_WNT_iRPE_2021	NA	NA	NA	NA	NA	NA	NA	NA	NA	NA	NA	NA	NA	NA	NA	NA	NA	NA	NA	NA	NA	NA	NA	NA	NA	NA	NA	NA	NA	NA	NA	NA	NA	NA	NA	NA	NA	NA
DR14	CEP290 717 CL10	iRPE	PGE2	Dominik	Perturbed	Sample 14	2021-03-31T00:00:00Z	2021-04-10T00:00:00Z	2021-05-13T00:00:00Z	1	189.40	2841	900	9.2	dominik_WNT_iRPE_2021	NA	NA	NA	NA	NA	NA	NA	NA	NA	NA	NA	NA	NA	NA	NA	NA	NA	NA	NA	NA	NA	NA	NA	NA	NA	NA	NA	NA	NA	NA	NA	NA	NA	NA	NA	NA	NA	NA
DR15	CEP290 717 CL10	iRPE	ENDO-IWR1	Dominik	Perturbed	Sample 15	2021-03-31T00:00:00Z	2021-04-10T00:00:00Z	2021-05-13T00:00:00Z	1	157.18	2357.7000000000003	1300	9.3	dominik_WNT_iRPE_2021	NA	NA	NA	NA	NA	NA	NA	NA	NA	NA	NA	NA	NA	NA	NA	NA	NA	NA	NA	NA	NA	NA	NA	NA	NA	NA	NA	NA	NA	NA	NA	NA	NA	NA	NA	NA	NA	NA
DR16	CEP290 717 CL10	iRPE	IWP2	Dominik	Perturbed	Sample 16	2021-03-31T00:00:00Z	2021-04-10T00:00:00Z	2021-05-13T00:00:00Z	1	205.02	3075.3	1150	9	dominik_WNT_iRPE_2021	NA	NA	NA	NA	NA	NA	NA	NA	NA	NA	NA	NA	NA	NA	NA	NA	NA	NA	NA	NA	NA	NA	NA	NA	NA	NA	NA	NA	NA	NA	NA	NA	NA	NA	NA	NA	NA	NA
DR17	CEP290 717 CL10	iRPE	CTRL	Dominik	Perturbed	Sample 17	2021-03-31T00:00:00Z	2021-04-10T00:00:00Z	2021-05-13T00:00:00Z	2	168.06	2520.9	990	9.1	dominik_WNT_iRPE_2021	NA	NA	NA	NA	NA	NA	NA	NA	NA	NA	NA	NA	NA	NA	NA	NA	NA	NA	NA	NA	NA	NA	NA	NA	NA	NA	NA	NA	NA	NA	NA	NA	NA	NA	NA	NA	NA	NA
DR18	CEP290 717 CL10	iRPE	PGE2	Dominik	Perturbed	Sample 18	2021-03-31T00:00:00Z	2021-04-10T00:00:00Z	2021-05-13T00:00:00Z	2	146.37	2195.55	980	9.3	dominik_WNT_iRPE_2021	NA	NA	NA	NA	NA	NA	NA	NA	NA	NA	NA	NA	NA	NA	NA	NA	NA	NA	NA	NA	NA	NA	NA	NA	NA	NA	NA	NA	NA	NA	NA	NA	NA	NA	NA	NA	NA	NA
DR19	CEP290 717 CL10	iRPE	ENDO-IWR1	Dominik	Perturbed	Sample 19	2021-03-31T00:00:00Z	2021-04-10T00:00:00Z	2021-05-13T00:00:00Z	2	166.56	2498.4	980	9.1	dominik_WNT_iRPE_2021	NA	NA	NA	NA	NA	NA	NA	NA	NA	NA	NA	NA	NA	NA	NA	NA	NA	NA	NA	NA	NA	NA	NA	NA	NA	NA	NA	NA	NA	NA	NA	NA	NA	NA	NA	NA	NA	NA
DR20	CEP290 717 CL10	iRPE	IWP2	Dominik	Perturbed	Sample 20	2021-03-31T00:00:00Z	2021-04-10T00:00:00Z	2021-05-13T00:00:00Z	2	198.96	2984.4	1100	9.2	dominik_WNT_iRPE_2021	NA	NA	NA	NA	NA	NA	NA	NA	NA	NA	NA	NA	NA	NA	NA	NA	NA	NA	NA	NA	NA	NA	NA	NA	NA	NA	NA	NA	NA	NA	NA	NA	NA	NA	NA	NA	NA	NA
DR21	CEP290 717 CL10	iRPE	CTRL	Dominik	Perturbed	Sample 21	2021-03-31T00:00:00Z	2021-04-10T00:00:00Z	2021-05-13T00:00:00Z	3	166.19	2492.85	1000	9.2	dominik_WNT_iRPE_2021	NA	NA	NA	NA	NA	NA	NA	NA	NA	NA	NA	NA	NA	NA	NA	NA	NA	NA	NA	NA	NA	NA	NA	NA	NA	NA	NA	NA	NA	NA	NA	NA	NA	NA	NA	NA	NA	NA
DR22	CEP290 717 CL10	iRPE	PGE2	Dominik	Perturbed	Sample 22	2021-03-31T00:00:00Z	2021-04-10T00:00:00Z	2021-05-13T00:00:00Z	3	143.62	2154.3	1200	9.2	dominik_WNT_iRPE_2021	NA	NA	NA	NA	NA	NA	NA	NA	NA	NA	NA	NA	NA	NA	NA	NA	NA	NA	NA	NA	NA	NA	NA	NA	NA	NA	NA	NA	NA	NA	NA	NA	NA	NA	NA	NA	NA	NA
DR23	CEP290 717 CL10	iRPE	ENDO-IWR1	Dominik	Perturbed	Sample 23	2021-03-31T00:00:00Z	2021-04-10T00:00:00Z	2021-05-13T00:00:00Z	3	173.66	2604.9	1400	9.2	dominik_WNT_iRPE_2021	NA	NA	NA	NA	NA	NA	NA	NA	NA	NA	NA	NA	NA	NA	NA	NA	NA	NA	NA	NA	NA	NA	NA	NA	NA	NA	NA	NA	NA	NA	NA	NA	NA	NA	NA	NA	NA	NA
DR24	CEP290 717 CL10	iRPE	IWP2	Dominik	Perturbed	Sample 24	2021-03-31T00:00:00Z	2021-04-10T00:00:00Z	2021-05-13T00:00:00Z	3	155.75	2336.25	1100	9.1	dominik_WNT_iRPE_2021	NA	NA	NA	NA	NA	NA	NA	NA	NA	NA	NA	NA	NA	NA	NA	NA	NA	NA	NA	NA	NA	NA	NA	NA	NA	NA	NA	NA	NA	NA	NA	NA	NA	NA	NA	NA	NA	NA
Control_1	D3C	iRPE	Control	Qin	Control	NA	NA	NA	NA	NA	NA	NA	NA	NA	qin_piezo1_iRPE_2021	1	/Users/mcgaugheyd/data/qin_piezo1_iRPE_2021//salmon_quant/Control_1/quant.sf	NA	NA	NA	NA	NA	NA	NA	NA	NA	NA	NA	NA	NA	NA	NA	NA	NA	NA	NA	NA	NA	NA	NA	NA	NA	NA	NA	NA	NA	NA	NA	NA	NA	NA	NA	NA
Control_2	D3C	iRPE	Control	Qin	Control	NA	NA	NA	NA	NA	NA	NA	NA	NA	qin_piezo1_iRPE_2021	2	/Users/mcgaugheyd/data/qin_piezo1_iRPE_2021//salmon_quant/Control_2/quant.sf	NA	NA	NA	NA	NA	NA	NA	NA	NA	NA	NA	NA	NA	NA	NA	NA	NA	NA	NA	NA	NA	NA	NA	NA	NA	NA	NA	NA	NA	NA	NA	NA	NA	NA	NA	NA
Control_3	D3C	iRPE	Control	Qin	Control	NA	NA	NA	NA	NA	NA	NA	NA	NA	qin_piezo1_iRPE_2021	3	/Users/mcgaugheyd/data/qin_piezo1_iRPE_2021//salmon_quant/Control_3/quant.sf	NA	NA	NA	NA	NA	NA	NA	NA	NA	NA	NA	NA	NA	NA	NA	NA	NA	NA	NA	NA	NA	NA	NA	NA	NA	NA	NA	NA	NA	NA	NA	NA	NA	NA	NA	NA
Drug_1	D3C	iRPE	Drug	Qin	Perturbed	NA	NA	NA	NA	NA	NA	NA	NA	NA	qin_piezo1_iRPE_2021	4	/Users/mcgaugheyd/data/qin_piezo1_iRPE_2021//salmon_quant/Drug_1/quant.sf	NA	NA	NA	NA	NA	NA	NA	NA	NA	NA	NA	NA	NA	NA	NA	NA	NA	NA	NA	NA	NA	NA	NA	NA	NA	NA	NA	NA	NA	NA	NA	NA	NA	NA	NA	NA
Drug_2	D3C	iRPE	Drug	Qin	Perturbed	NA	NA	NA	NA	NA	NA	NA	NA	NA	qin_piezo1_iRPE_2021	5	/Users/mcgaugheyd/data/qin_piezo1_iRPE_2021//salmon_quant/Drug_2/quant.sf	NA	NA	NA	NA	NA	NA	NA	NA	NA	NA	NA	NA	NA	NA	NA	NA	NA	NA	NA	NA	NA	NA	NA	NA	NA	NA	NA	NA	NA	NA	NA	NA	NA	NA	NA	NA
Drug_3	D3C	iRPE	Drug	Qin	Perturbed	NA	NA	NA	NA	NA	NA	NA	NA	NA	qin_piezo1_iRPE_2021	6	/Users/mcgaugheyd/data/qin_piezo1_iRPE_2021//salmon_quant/Drug_3/quant.sf	NA	NA	NA	NA	NA	NA	NA	NA	NA	NA	NA	NA	NA	NA	NA	NA	NA	NA	NA	NA	NA	NA	NA	NA	NA	NA	NA	NA	NA	NA	NA	NA	NA	NA	NA	NA
DO01	AMDCD	iRPE	NA	Davide	Control	NA	NA	NA	NA	NA	NA	NA	NA	NA	ortolan_rpe_macula_peripheral_scRNA	NA	NA	Human	RNA-Seq, Strand-Specific	PolyA	NA	15	181.23	2.71845	AMDCD_DMSO_1	NA	NA	NA	NA	NA	NA	NA	NA	NA	NA	NA	NA	NA	NA	NA	NA	NA	NA	NA	NA	NA	NA	NA	NA	NA	NA	NA	NA
DO02	AMDCD	iRPE	NA	Davide	Control	NA	NA	NA	NA	NA	NA	NA	NA	NA	ortolan_rpe_macula_peripheral_scRNA	NA	NA	Human	RNA-Seq, Strand-Specific	PolyA	NA	15	276.51	4.14765	AMDCD_DMSO_2	NA	NA	NA	NA	NA	NA	NA	NA	NA	NA	NA	NA	NA	NA	NA	NA	NA	NA	NA	NA	NA	NA	NA	NA	NA	NA	NA	NA
DO03	AMDCD	iRPE	NA	Davide	Control	NA	NA	NA	NA	NA	NA	NA	NA	NA	ortolan_rpe_macula_peripheral_scRNA	NA	NA	Human	RNA-Seq, Strand-Specific	PolyA	NA	15	242.65	3.63975	AMDCD_DMSO_3	NA	NA	NA	NA	NA	NA	NA	NA	NA	NA	NA	NA	NA	NA	NA	NA	NA	NA	NA	NA	NA	NA	NA	NA	NA	NA	NA	NA
DO04	AMDCD	iRPE	NA	Davide	Perturbed	NA	NA	NA	NA	NA	NA	NA	NA	NA	ortolan_rpe_macula_peripheral_scRNA	NA	NA	Human	RNA-Seq, Strand-Specific	PolyA	NA	15	185.03	2.7754499999999998	AMDCD_AGN_1	NA	NA	NA	NA	NA	NA	NA	NA	NA	NA	NA	NA	NA	NA	NA	NA	NA	NA	NA	NA	NA	NA	NA	NA	NA	NA	NA	NA
DO05	AMDCD	iRPE	NA	Davide	Perturbed	NA	NA	NA	NA	NA	NA	NA	NA	NA	ortolan_rpe_macula_peripheral_scRNA	NA	NA	Human	RNA-Seq, Strand-Specific	PolyA	NA	15	187.61	2.81415	AMDCD_AGN_2	NA	NA	NA	NA	NA	NA	NA	NA	NA	NA	NA	NA	NA	NA	NA	NA	NA	NA	NA	NA	NA	NA	NA	NA	NA	NA	NA	NA
DO06	AMDCD	iRPE	NA	Davide	Perturbed	NA	NA	NA	NA	NA	NA	NA	NA	NA	ortolan_rpe_macula_peripheral_scRNA	NA	NA	Human	RNA-Seq, Strand-Specific	PolyA	NA	15	189.96	2.8494	AMDCD_AGN_3	NA	NA	NA	NA	NA	NA	NA	NA	NA	NA	NA	NA	NA	NA	NA	NA	NA	NA	NA	NA	NA	NA	NA	NA	NA	NA	NA	NA
DO07	AMDCD	iRPE	NA	Davide	Perturbed	NA	NA	NA	NA	NA	NA	NA	NA	NA	ortolan_rpe_macula_peripheral_scRNA	NA	NA	Human	RNA-Seq, Strand-Specific	PolyA	NA	15	167.51	2.51265	AMDCD_ENDO_1	NA	NA	NA	NA	NA	NA	NA	NA	NA	NA	NA	NA	NA	NA	NA	NA	NA	NA	NA	NA	NA	NA	NA	NA	NA	NA	NA	NA
DO08	AMDCD	iRPE	NA	Davide	Perturbed	NA	NA	NA	NA	NA	NA	NA	NA	NA	ortolan_rpe_macula_peripheral_scRNA	NA	NA	Human	RNA-Seq, Strand-Specific	PolyA	NA	15	147.77	2.2165500000000002	AMDCD_ENDO_2	NA	NA	NA	NA	NA	NA	NA	NA	NA	NA	NA	NA	NA	NA	NA	NA	NA	NA	NA	NA	NA	NA	NA	NA	NA	NA	NA	NA
DO09	AMDCD	iRPE	NA	Davide	Perturbed	NA	NA	NA	NA	NA	NA	NA	NA	NA	ortolan_rpe_macula_peripheral_scRNA	NA	NA	Human	RNA-Seq, Strand-Specific	PolyA	NA	15	129.9	1.9485	AMDCD_ENDO_3	NA	NA	NA	NA	NA	NA	NA	NA	NA	NA	NA	NA	NA	NA	NA	NA	NA	NA	NA	NA	NA	NA	NA	NA	NA	NA	NA	NA
DO10	TJP1	iRPE	NA	Davide	Control	NA	NA	NA	NA	NA	NA	NA	NA	NA	ortolan_rpe_macula_peripheral_scRNA	NA	NA	Human	RNA-Seq, Strand-Specific	PolyA	NA	15	220	3.3	TJP1_DMSO_1	NA	NA	NA	NA	NA	NA	NA	NA	NA	NA	NA	NA	NA	NA	NA	NA	NA	NA	NA	NA	NA	NA	NA	NA	NA	NA	NA	NA
DO11	TJP1	iRPE	NA	Davide	Control	NA	NA	NA	NA	NA	NA	NA	NA	NA	ortolan_rpe_macula_peripheral_scRNA	NA	NA	Human	RNA-Seq, Strand-Specific	PolyA	NA	15	262.76	3.9414	TJP1_DMSO_2	NA	NA	NA	NA	NA	NA	NA	NA	NA	NA	NA	NA	NA	NA	NA	NA	NA	NA	NA	NA	NA	NA	NA	NA	NA	NA	NA	NA
DO12	TJP1	iRPE	NA	Davide	Control	NA	NA	NA	NA	NA	NA	NA	NA	NA	ortolan_rpe_macula_peripheral_scRNA	NA	NA	Human	RNA-Seq, Strand-Specific	PolyA	NA	15	212.98	3.1946999999999997	TJP1_DMSO_3	NA	NA	NA	NA	NA	NA	NA	NA	NA	NA	NA	NA	NA	NA	NA	NA	NA	NA	NA	NA	NA	NA	NA	NA	NA	NA	NA	NA
DO13	TJP1	iRPE	NA	Davide	Perturbed	NA	NA	NA	NA	NA	NA	NA	NA	NA	ortolan_rpe_macula_peripheral_scRNA	NA	NA	Human	RNA-Seq, Strand-Specific	PolyA	NA	15	199.64	2.9945999999999997	TJP1_AGN_1	NA	NA	NA	NA	NA	NA	NA	NA	NA	NA	NA	NA	NA	NA	NA	NA	NA	NA	NA	NA	NA	NA	NA	NA	NA	NA	NA	NA
DO14	TJP1	iRPE	NA	Davide	Perturbed	NA	NA	NA	NA	NA	NA	NA	NA	NA	ortolan_rpe_macula_peripheral_scRNA	NA	NA	Human	RNA-Seq, Strand-Specific	PolyA	NA	15	209.07	3.1360499999999996	TJP1_AGN_2	NA	NA	NA	NA	NA	NA	NA	NA	NA	NA	NA	NA	NA	NA	NA	NA	NA	NA	NA	NA	NA	NA	NA	NA	NA	NA	NA	NA
DO15	TJP1	iRPE	NA	Davide	Perturbed	NA	NA	NA	NA	NA	NA	NA	NA	NA	ortolan_rpe_macula_peripheral_scRNA	NA	NA	Human	RNA-Seq, Strand-Specific	PolyA	NA	15	272.57	4.08855	TJP1_AGN_3	NA	NA	NA	NA	NA	NA	NA	NA	NA	NA	NA	NA	NA	NA	NA	NA	NA	NA	NA	NA	NA	NA	NA	NA	NA	NA	NA	NA
DO16	TJP1	iRPE	NA	Davide	Perturbed	NA	NA	NA	NA	NA	NA	NA	NA	NA	ortolan_rpe_macula_peripheral_scRNA	NA	NA	Human	RNA-Seq, Strand-Specific	PolyA	NA	15	136.29	2.04435	TJP1_ENDO_1	NA	NA	NA	NA	NA	NA	NA	NA	NA	NA	NA	NA	NA	NA	NA	NA	NA	NA	NA	NA	NA	NA	NA	NA	NA	NA	NA	NA
DO17	TJP1	iRPE	NA	Davide	Perturbed	NA	NA	NA	NA	NA	NA	NA	NA	NA	ortolan_rpe_macula_peripheral_scRNA	NA	NA	Human	RNA-Seq, Strand-Specific	PolyA	NA	15	184.82	2.7722999999999995	TJP1_ENDO_2	NA	NA	NA	NA	NA	NA	NA	NA	NA	NA	NA	NA	NA	NA	NA	NA	NA	NA	NA	NA	NA	NA	NA	NA	NA	NA	NA	NA
DO18	TJP1	iRPE	NA	Davide	Perturbed	NA	NA	NA	NA	NA	NA	NA	NA	NA	ortolan_rpe_macula_peripheral_scRNA	NA	NA	Human	RNA-Seq, Strand-Specific	PolyA	NA	15	228.89	3.43335	TJP1_ENDO_3	NA	NA	NA	NA	NA	NA	NA	NA	NA	NA	NA	NA	NA	NA	NA	NA	NA	NA	NA	NA	NA	NA	NA	NA	NA	NA	NA	NA
DO19	D3C	iRPE	NA	Davide	Control	NA	NA	NA	NA	NA	NA	NA	NA	NA	ortolan_rpe_macula_peripheral_scRNA	NA	NA	Human	RNA-Seq, Strand-Specific	PolyA	NA	15	206.37	3.0955500000000002	D3C_DMSO_1	NA	NA	NA	NA	NA	NA	NA	NA	NA	NA	NA	NA	NA	NA	NA	NA	NA	NA	NA	NA	NA	NA	NA	NA	NA	NA	NA	NA
DO20	D3C	iRPE	NA	Davide	Control	NA	NA	NA	NA	NA	NA	NA	NA	NA	ortolan_rpe_macula_peripheral_scRNA	NA	NA	Human	RNA-Seq, Strand-Specific	PolyA	NA	15	261.06	3.9159	D3C_DMSO_2	NA	NA	NA	NA	NA	NA	NA	NA	NA	NA	NA	NA	NA	NA	NA	NA	NA	NA	NA	NA	NA	NA	NA	NA	NA	NA	NA	NA
DO21	D3C	iRPE	NA	Davide	Control	NA	NA	NA	NA	NA	NA	NA	NA	NA	ortolan_rpe_macula_peripheral_scRNA	NA	NA	Human	RNA-Seq, Strand-Specific	PolyA	NA	15	183.29	2.7493499999999997	D3C_DMSO_3	NA	NA	NA	NA	NA	NA	NA	NA	NA	NA	NA	NA	NA	NA	NA	NA	NA	NA	NA	NA	NA	NA	NA	NA	NA	NA	NA	NA
DO22	D3C	iRPE	NA	Davide	Perturbed	NA	NA	NA	NA	NA	NA	NA	NA	NA	ortolan_rpe_macula_peripheral_scRNA	NA	NA	Human	RNA-Seq, Strand-Specific	PolyA	NA	15	155.31	2.32965	D3C_AGN_1	NA	NA	NA	NA	NA	NA	NA	NA	NA	NA	NA	NA	NA	NA	NA	NA	NA	NA	NA	NA	NA	NA	NA	NA	NA	NA	NA	NA
DO23	D3C	iRPE	NA	Davide	Perturbed	NA	NA	NA	NA	NA	NA	NA	NA	NA	ortolan_rpe_macula_peripheral_scRNA	NA	NA	Human	RNA-Seq, Strand-Specific	PolyA	NA	15	167.17	2.5075499999999997	D3C_AGN_2	NA	NA	NA	NA	NA	NA	NA	NA	NA	NA	NA	NA	NA	NA	NA	NA	NA	NA	NA	NA	NA	NA	NA	NA	NA	NA	NA	NA
DO24	D3C	iRPE	NA	Davide	Perturbed	NA	NA	NA	NA	NA	NA	NA	NA	NA	ortolan_rpe_macula_peripheral_scRNA	NA	NA	Human	RNA-Seq, Strand-Specific	PolyA	NA	15	200.24	3.0036000000000005	D3C_AGN_3	NA	NA	NA	NA	NA	NA	NA	NA	NA	NA	NA	NA	NA	NA	NA	NA	NA	NA	NA	NA	NA	NA	NA	NA	NA	NA	NA	NA
DO25	D3C	iRPE	NA	Davide	Perturbed	NA	NA	NA	NA	NA	NA	NA	NA	NA	ortolan_rpe_macula_peripheral_scRNA	NA	NA	Human	RNA-Seq, Strand-Specific	PolyA	NA	15	194.9	2.9235	D3C_ENDO_1	NA	NA	NA	NA	NA	NA	NA	NA	NA	NA	NA	NA	NA	NA	NA	NA	NA	NA	NA	NA	NA	NA	NA	NA	NA	NA	NA	NA
DO26	D3C	iRPE	NA	Davide	Perturbed	NA	NA	NA	NA	NA	NA	NA	NA	NA	ortolan_rpe_macula_peripheral_scRNA	NA	NA	Human	RNA-Seq, Strand-Specific	PolyA	NA	15	170.36	2.5554	D3C_ENDO_2	NA	NA	NA	NA	NA	NA	NA	NA	NA	NA	NA	NA	NA	NA	NA	NA	NA	NA	NA	NA	NA	NA	NA	NA	NA	NA	NA	NA
DO27	D3C	iRPE	NA	Davide	Perturbed	NA	NA	NA	NA	NA	NA	NA	NA	NA	ortolan_rpe_macula_peripheral_scRNA	NA	NA	Human	RNA-Seq, Strand-Specific	PolyA	NA	15	164.6	2.469	D3C_ENDO_3	NA	NA	NA	NA	NA	NA	NA	NA	NA	NA	NA	NA	NA	NA	NA	NA	NA	NA	NA	NA	NA	NA	NA	NA	NA	NA	NA	NA
A1_1	W0255-132	iPSC	NA	Irina	NA	NA	NA	NA	NA	NA	NA	NA	NA	NA	bharti_irina_iPSC_RPE_time_series-	NA	NA	NA	NA	NA	NA	NA	NA	NA	NA	W0255-132	Day 2 iPS	NA	NA	NA	NA	NA	NA	NA	NA	NA	NA	NA	NA	NA	NA	NA	NA	NA	NA	NA	NA	NA	NA	NA	NA	NA	NA
A1_2	W0255-132	iRPE	NA	Irina	NA	NA	NA	NA	NA	NA	NA	NA	NA	NA	bharti_irina_iPSC_RPE_time_series-	NA	NA	NA	NA	NA	NA	NA	NA	NA	NA	W0255-132	Day 11 RPE	NA	NA	NA	NA	NA	NA	NA	NA	NA	NA	NA	NA	NA	NA	NA	NA	NA	NA	NA	NA	NA	NA	NA	NA	NA	NA
A1_3	W0255-132	iRPE	NA	Irina	NA	NA	NA	NA	NA	NA	NA	NA	NA	NA	bharti_irina_iPSC_RPE_time_series-	NA	NA	NA	NA	NA	NA	NA	NA	NA	NA	W0255-132	Day 25 RPE	NA	NA	NA	NA	NA	NA	NA	NA	NA	NA	NA	NA	NA	NA	NA	NA	NA	NA	NA	NA	NA	NA	NA	NA	NA	NA
B2_1	W0255-132	iPSC	NA	Irina	NA	NA	NA	NA	NA	NA	NA	NA	NA	NA	bharti_irina_iPSC_RPE_time_series-	NA	NA	NA	NA	NA	NA	NA	NA	NA	NA	W0255-132 (duplicate)	Day 2 iPS	Duplicate	NA	NA	NA	NA	NA	NA	NA	NA	NA	NA	NA	NA	NA	NA	NA	NA	NA	NA	NA	NA	NA	NA	NA	NA	NA
B2_2	W0255-132	iRPE	NA	Irina	NA	NA	NA	NA	NA	NA	NA	NA	NA	NA	bharti_irina_iPSC_RPE_time_series-	NA	NA	NA	NA	NA	NA	NA	NA	NA	NA	W0255-132 (duplicate)	Day 11 RPE	Duplicate	NA	NA	NA	NA	NA	NA	NA	NA	NA	NA	NA	NA	NA	NA	NA	NA	NA	NA	NA	NA	NA	NA	NA	NA	NA
B2_3	W0255-132	iRPE	NA	Irina	NA	NA	NA	NA	NA	NA	NA	NA	NA	NA	bharti_irina_iPSC_RPE_time_series-	NA	NA	NA	NA	NA	NA	NA	NA	NA	NA	W0255-132 (duplicate)	Day 25 RPE	Duplicate	NA	NA	NA	NA	NA	NA	NA	NA	NA	NA	NA	NA	NA	NA	NA	NA	NA	NA	NA	NA	NA	NA	NA	NA	NA
C3_1	W0255-142	iPSC	NA	Irina	NA	NA	NA	NA	NA	NA	NA	NA	NA	NA	bharti_irina_iPSC_RPE_time_series-	NA	NA	NA	NA	NA	NA	NA	NA	NA	NA	W0255-142	Day 2 iPS	NA	NA	NA	NA	NA	NA	NA	NA	NA	NA	NA	NA	NA	NA	NA	NA	NA	NA	NA	NA	NA	NA	NA	NA	NA	NA
C3_2	W0255-142	iRPE	NA	Irina	NA	NA	NA	NA	NA	NA	NA	NA	NA	NA	bharti_irina_iPSC_RPE_time_series-	NA	NA	NA	NA	NA	NA	NA	NA	NA	NA	W0255-142	Day 11 RPE	NA	NA	NA	NA	NA	NA	NA	NA	NA	NA	NA	NA	NA	NA	NA	NA	NA	NA	NA	NA	NA	NA	NA	NA	NA	NA
C3_3	W0255-142	iRPE	NA	Irina	NA	NA	NA	NA	NA	NA	NA	NA	NA	NA	bharti_irina_iPSC_RPE_time_series-	NA	NA	NA	NA	NA	NA	NA	NA	NA	NA	W0255-142	Day 25 RPE	NA	NA	NA	NA	NA	NA	NA	NA	NA	NA	NA	NA	NA	NA	NA	NA	NA	NA	NA	NA	NA	NA	NA	NA	NA	NA
D4_1	W0118-151	iPSC	NA	Irina	NA	NA	NA	NA	NA	NA	NA	NA	NA	NA	bharti_irina_iPSC_RPE_time_series-	NA	NA	NA	NA	NA	NA	NA	NA	NA	NA	W0118-151	Day 2 iPS	NA	NA	NA	NA	NA	NA	NA	NA	NA	NA	NA	NA	NA	NA	NA	NA	NA	NA	NA	NA	NA	NA	NA	NA	NA	NA
D4_2	W0118-151	iRPE	NA	Irina	NA	NA	NA	NA	NA	NA	NA	NA	NA	NA	bharti_irina_iPSC_RPE_time_series-	NA	NA	NA	NA	NA	NA	NA	NA	NA	NA	W0118-151	Day 11 RPE	NA	NA	NA	NA	NA	NA	NA	NA	NA	NA	NA	NA	NA	NA	NA	NA	NA	NA	NA	NA	NA	NA	NA	NA	NA	NA
D4_3	W0118-151	iRPE	NA	Irina	NA	NA	NA	NA	NA	NA	NA	NA	NA	NA	bharti_irina_iPSC_RPE_time_series-	NA	NA	NA	NA	NA	NA	NA	NA	NA	NA	W0118-151	Day 25 RPE	NA	NA	NA	NA	NA	NA	NA	NA	NA	NA	NA	NA	NA	NA	NA	NA	NA	NA	NA	NA	NA	NA	NA	NA	NA	NA
E5_1	W0118-254	iPSC	NA	Irina	NA	NA	NA	NA	NA	NA	NA	NA	NA	NA	bharti_irina_iPSC_RPE_time_series-	NA	NA	NA	NA	NA	NA	NA	NA	NA	NA	W0118-254	Day 2 iPS	NA	NA	NA	NA	NA	NA	NA	NA	NA	NA	NA	NA	NA	NA	NA	NA	NA	NA	NA	NA	NA	NA	NA	NA	NA	NA
E5_2	W0118-254	iRPE	NA	Irina	NA	NA	NA	NA	NA	NA	NA	NA	NA	NA	bharti_irina_iPSC_RPE_time_series-	NA	NA	NA	NA	NA	NA	NA	NA	NA	NA	W0118-254	Day 11 RPE	NA	NA	NA	NA	NA	NA	NA	NA	NA	NA	NA	NA	NA	NA	NA	NA	NA	NA	NA	NA	NA	NA	NA	NA	NA	NA
E5_3	W0118-254	iRPE	NA	Irina	NA	NA	NA	NA	NA	NA	NA	NA	NA	NA	bharti_irina_iPSC_RPE_time_series-	NA	NA	NA	NA	NA	NA	NA	NA	NA	NA	W0118-254	Day 25 RPE	NA	NA	NA	NA	NA	NA	NA	NA	NA	NA	NA	NA	NA	NA	NA	NA	NA	NA	NA	NA	NA	NA	NA	NA	NA	NA
F6_1	D3C	iPSC	NA	Irina	NA	NA	NA	NA	NA	NA	NA	NA	NA	NA	bharti_irina_iPSC_RPE_time_series-	NA	NA	NA	NA	NA	NA	NA	NA	NA	NA	D3C (#1)	Day 2 iPS	NA	NA	NA	NA	NA	NA	NA	NA	NA	NA	NA	NA	NA	NA	NA	NA	NA	NA	NA	NA	NA	NA	NA	NA	NA	NA
F6_2	D3C	iRPE	NA	Irina	NA	NA	NA	NA	NA	NA	NA	NA	NA	NA	bharti_irina_iPSC_RPE_time_series-	NA	NA	NA	NA	NA	NA	NA	NA	NA	NA	D3C (#1)	Day 11 RPE	NA	NA	NA	NA	NA	NA	NA	NA	NA	NA	NA	NA	NA	NA	NA	NA	NA	NA	NA	NA	NA	NA	NA	NA	NA	NA
F6_3	D3C	iRPE	NA	Irina	NA	NA	NA	NA	NA	NA	NA	NA	NA	NA	bharti_irina_iPSC_RPE_time_series-	NA	NA	NA	NA	NA	NA	NA	NA	NA	NA	D3C (#1)	Day 25 RPE	NA	NA	NA	NA	NA	NA	NA	NA	NA	NA	NA	NA	NA	NA	NA	NA	NA	NA	NA	NA	NA	NA	NA	NA	NA	NA
G7_1	D3C	iPSC	NA	Irina	NA	NA	NA	NA	NA	NA	NA	NA	NA	NA	bharti_irina_iPSC_RPE_time_series-	NA	NA	NA	NA	NA	NA	NA	NA	NA	NA	D3C (#2)	Day 2 iPS	NA	NA	NA	NA	NA	NA	NA	NA	NA	NA	NA	NA	NA	NA	NA	NA	NA	NA	NA	NA	NA	NA	NA	NA	NA	NA
G7_2	D3C	iRPE	NA	Irina	NA	NA	NA	NA	NA	NA	NA	NA	NA	NA	bharti_irina_iPSC_RPE_time_series-	NA	NA	NA	NA	NA	NA	NA	NA	NA	NA	D3C (#2)	Day 11 RPE	NA	NA	NA	NA	NA	NA	NA	NA	NA	NA	NA	NA	NA	NA	NA	NA	NA	NA	NA	NA	NA	NA	NA	NA	NA	NA
G7_3	D3C	iRPE	NA	Irina	NA	NA	NA	NA	NA	NA	NA	NA	NA	NA	bharti_irina_iPSC_RPE_time_series-	NA	NA	NA	NA	NA	NA	NA	NA	NA	NA	D3C (#2)	Day 25 RPE	NA	NA	NA	NA	NA	NA	NA	NA	NA	NA	NA	NA	NA	NA	NA	NA	NA	NA	NA	NA	NA	NA	NA	NA	NA	NA
H8_1	D3C	iPSC	NA	Irina	NA	NA	NA	NA	NA	NA	NA	NA	NA	NA	bharti_irina_iPSC_RPE_time_series-	NA	NA	NA	NA	NA	NA	NA	NA	NA	NA	D3C (#3)	Day 2 iPS	NA	NA	NA	NA	NA	NA	NA	NA	NA	NA	NA	NA	NA	NA	NA	NA	NA	NA	NA	NA	NA	NA	NA	NA	NA	NA
H8_2	D3C	iRPE	NA	Irina	NA	NA	NA	NA	NA	NA	NA	NA	NA	NA	bharti_irina_iPSC_RPE_time_series-	NA	NA	NA	NA	NA	NA	NA	NA	NA	NA	D3C (#3)	Day 11 RPE	NA	NA	NA	NA	NA	NA	NA	NA	NA	NA	NA	NA	NA	NA	NA	NA	NA	NA	NA	NA	NA	NA	NA	NA	NA	NA
H8_3	D3C	iRPE	NA	Irina	NA	NA	NA	NA	NA	NA	NA	NA	NA	NA	bharti_irina_iPSC_RPE_time_series-	NA	NA	NA	NA	NA	NA	NA	NA	NA	NA	D3C (#3)	Day 25 RPE	NA	NA	NA	NA	NA	NA	NA	NA	NA	NA	NA	NA	NA	NA	NA	NA	NA	NA	NA	NA	NA	NA	NA	NA	NA	NA
KB1	Best 4C	iRPE	Ctrl	Karla	Perturbed	NA	NA	NA	NA	NA	NA	NA	NA	NA	oca_rna-seq	NA	NA	NA	NA	NA	NA	NA	NA	NA	NA	NA	NA	NA	Ctrl shRNA Monolayer	Monolayer	NA	NA	NA	NA	NA	NA	NA	NA	NA	NA	NA	NA	NA	NA	NA	NA	NA	NA	NA	NA	NA	NA	NA
KB2	Best 4C	iRPE	Nox4	Karla	Perturbed	NA	NA	NA	NA	NA	NA	NA	NA	NA	oca_rna-seq	NA	NA	NA	NA	NA	NA	NA	NA	NA	NA	NA	NA	NA	Nox4 shRNA Monolayer	Monolayer	NA	NA	NA	NA	NA	NA	NA	NA	NA	NA	NA	NA	NA	NA	NA	NA	NA	NA	NA	NA	NA	NA	NA
KB3	Best 4C	iRPE	None	Karla	Perturbed	NA	NA	NA	NA	NA	NA	NA	NA	NA	oca_rna-seq	NA	NA	NA	NA	NA	NA	NA	NA	NA	NA	NA	NA	NA	Intact Monolayer 	Monolayer	NA	NA	NA	NA	NA	NA	NA	NA	NA	NA	NA	NA	NA	NA	NA	NA	NA	NA	NA	NA	NA	NA	NA
KB4	Tuba 1B	iRPE	Ctrl	Karla	Perturbed	NA	NA	NA	NA	NA	NA	NA	NA	NA	oca_rna-seq	NA	NA	NA	NA	NA	NA	NA	NA	NA	NA	NA	NA	NA	Ctrl shRNA Monolayer	Monolayer	NA	NA	NA	NA	NA	NA	NA	NA	NA	NA	NA	NA	NA	NA	NA	NA	NA	NA	NA	NA	NA	NA	NA
KB5	Tuba 1B	iRPE	Nox4	Karla	Degeneration	NA	NA	NA	NA	NA	NA	NA	NA	NA	oca_rna-seq	NA	NA	NA	NA	NA	NA	NA	NA	NA	NA	NA	NA	NA	Nox4 shRNA Monolayer	Monolayer	NA	NA	NA	NA	NA	NA	NA	NA	NA	NA	NA	NA	NA	NA	NA	NA	NA	NA	NA	NA	NA	NA	NA
KB6	Tuba 1B	iRPE	None	Karla	Perturbed	NA	NA	NA	NA	NA	NA	NA	NA	NA	oca_rna-seq	NA	NA	NA	NA	NA	NA	NA	NA	NA	NA	NA	NA	NA	Intact Monolayer	Monolayer	NA	NA	NA	NA	NA	NA	NA	NA	NA	NA	NA	NA	NA	NA	NA	NA	NA	NA	NA	NA	NA	NA	NA
KB7	Best 4C	iRPE	Ctrl	Karla	Perturbed	NA	NA	NA	NA	NA	NA	NA	NA	NA	oca_rna-seq	NA	NA	NA	NA	NA	NA	NA	NA	NA	NA	NA	NA	NA	Ctrl shRNA Trypsinized	Trypsinized	NA	NA	NA	NA	NA	NA	NA	NA	NA	NA	NA	NA	NA	NA	NA	NA	NA	NA	NA	NA	NA	NA	NA
KB8	Best 4C	iRPE	Nox4	Karla	Perturbed	NA	NA	NA	NA	NA	NA	NA	NA	NA	oca_rna-seq	NA	NA	NA	NA	NA	NA	NA	NA	NA	NA	NA	NA	NA	Nox4 shRNA Trypsinized	Trypsinized	NA	NA	NA	NA	NA	NA	NA	NA	NA	NA	NA	NA	NA	NA	NA	NA	NA	NA	NA	NA	NA	NA	NA
KB9	Best 4C	iRPE	None	Karla	Degeneration	NA	NA	NA	NA	NA	NA	NA	NA	NA	oca_rna-seq	NA	NA	NA	NA	NA	NA	NA	NA	NA	NA	NA	NA	NA	Trypsinized	Trypsinized	NA	NA	NA	NA	NA	NA	NA	NA	NA	NA	NA	NA	NA	NA	NA	NA	NA	NA	NA	NA	NA	NA	NA
KB10	Tuba 1B	iRPE	Ctrl	Karla	Degeneration	NA	NA	NA	NA	NA	NA	NA	NA	NA	oca_rna-seq	NA	NA	NA	NA	NA	NA	NA	NA	NA	NA	NA	NA	NA	Ctrl shRNA Trypsinized	Trypsinized	NA	NA	NA	NA	NA	NA	NA	NA	NA	NA	NA	NA	NA	NA	NA	NA	NA	NA	NA	NA	NA	NA	NA
KB11	Tuba 1B	iRPE	Nox4	Karla	Perturbed	NA	NA	NA	NA	NA	NA	NA	NA	NA	oca_rna-seq	NA	NA	NA	NA	NA	NA	NA	NA	NA	NA	NA	NA	NA	Nox4 shRNA Trypsinized	Trypsinized	NA	NA	NA	NA	NA	NA	NA	NA	NA	NA	NA	NA	NA	NA	NA	NA	NA	NA	NA	NA	NA	NA	NA
KB12	Tuba 1B	iRPE	None	Karla	Degeneration	NA	NA	NA	NA	NA	NA	NA	NA	NA	oca_rna-seq	NA	NA	NA	NA	NA	NA	NA	NA	NA	NA	NA	NA	NA	Trypsinized	Trypsinized	NA	NA	NA	NA	NA	NA	NA	NA	NA	NA	NA	NA	NA	NA	NA	NA	NA	NA	NA	NA	NA	NA	NA
AG1	OCA9 (SAMPLE1)	iRPE	NA	Aman	Perturbed	NA	NA	NA	NA	NA	NA	NA	NA	NA	oca_rna-seq	NA	NA	NA	NA	NA	NA	NA	NA	NA	NA	NA	NA	NA	NA	NA	OCA2	10	158.2	OCA9 (SAMPLE1)	NA	NA	NA	NA	NA	NA	NA	NA	NA	NA	NA	NA	NA	NA	NA	NA	NA	NA	NA
AG2	OCA103 (SAMPLE4)	iRPE	NA	Aman	Perturbed	NA	NA	NA	NA	NA	NA	NA	NA	NA	oca_rna-seq	NA	NA	NA	NA	NA	NA	NA	NA	NA	NA	NA	NA	NA	NA	NA	OCA2	10	108.5	OCA103 (SAMPLE4)	NA	NA	NA	NA	NA	NA	NA	NA	NA	NA	NA	NA	NA	NA	NA	NA	NA	NA	NA
AG3	OCA71 (SAMPLE7)	iRPE	NA	Aman	Perturbed	NA	NA	NA	NA	NA	NA	NA	NA	NA	oca_rna-seq	NA	NA	NA	NA	NA	NA	NA	NA	NA	NA	NA	NA	NA	NA	NA	OCA2	15	84.8	OCA71 (SAMPLE7)	NA	NA	NA	NA	NA	NA	NA	NA	NA	NA	NA	NA	NA	NA	NA	NA	NA	NA	NA
AG4	OCA8 (SAMPLE10)	iRPE	NA	Aman	Perturbed	NA	NA	NA	NA	NA	NA	NA	NA	NA	oca_rna-seq	NA	NA	NA	NA	NA	NA	NA	NA	NA	NA	NA	NA	NA	NA	NA	OCA1A	10	143	OCA8 (SAMPLE10)	NA	NA	NA	NA	NA	NA	NA	NA	NA	NA	NA	NA	NA	NA	NA	NA	NA	NA	NA
AG5	OCA26 (SAMPLE13)	iRPE	NA	Aman	Perturbed	NA	NA	NA	NA	NA	NA	NA	NA	NA	oca_rna-seq	NA	NA	NA	NA	NA	NA	NA	NA	NA	NA	NA	NA	NA	NA	NA	OCA1A	10	123.1	OCA26 (SAMPLE13)	NA	NA	NA	NA	NA	NA	NA	NA	NA	NA	NA	NA	NA	NA	NA	NA	NA	NA	NA
AMDCD1	NA	Fibroblast	NA	Aman	Control	NA	NA	NA	NA	NA	NA	NA	NA	NA	oca_rna-seq	NA	NA	NA	NA	NA	NA	NA	NA	NA	NA	NA	NA	NA	NA	NA	NA	NA	NA	NA	WT	NA	NA	NA	NA	NA	NA	NA	NA	NA	NA	NA	NA	NA	NA	NA	NA	NA	NA
AMDCD2	NA	Fibroblast	NA	Aman	Control	NA	NA	NA	NA	NA	NA	NA	NA	NA	oca_rna-seq	NA	NA	NA	NA	NA	NA	NA	NA	NA	NA	NA	NA	NA	NA	NA	NA	NA	NA	NA	WT	NA	NA	NA	NA	NA	NA	NA	NA	NA	NA	NA	NA	NA	NA	NA	NA	NA	NA
ATW1	NA	Fibroblast	NA	Aman	Control	NA	NA	NA	NA	NA	NA	NA	NA	NA	oca_rna-seq	NA	NA	NA	NA	NA	NA	NA	NA	NA	NA	NA	NA	NA	NA	NA	NA	NA	NA	NA	WT	NA	NA	NA	NA	NA	NA	NA	NA	NA	NA	NA	NA	NA	NA	NA	NA	NA	NA
ATW2	NA	Fibroblast	NA	Aman	Control	NA	NA	NA	NA	NA	NA	NA	NA	NA	oca_rna-seq	NA	NA	NA	NA	NA	NA	NA	NA	NA	NA	NA	NA	NA	NA	NA	NA	NA	NA	NA	WT	NA	NA	NA	NA	NA	NA	NA	NA	NA	NA	NA	NA	NA	NA	NA	NA	NA	NA
OTW1	NA	Fibroblast	NA	Aman	Perturbed	NA	NA	NA	NA	NA	NA	NA	NA	NA	oca_rna-seq	NA	NA	NA	NA	NA	NA	NA	NA	NA	NA	NA	NA	NA	NA	NA	NA	NA	NA	NA	Compound heterozygous	NA	NA	NA	NA	NA	NA	NA	NA	NA	NA	NA	NA	NA	NA	NA	NA	NA	NA
OTW2	NA	Fibroblast	NA	Aman	Perturbed	NA	NA	NA	NA	NA	NA	NA	NA	NA	oca_rna-seq	NA	NA	NA	NA	NA	NA	NA	NA	NA	NA	NA	NA	NA	NA	NA	NA	NA	NA	NA	Compound heterozygous	NA	NA	NA	NA	NA	NA	NA	NA	NA	NA	NA	NA	NA	NA	NA	NA	NA	NA
STW1	NA	Fibroblast	NA	Aman	Perturbed	NA	NA	NA	NA	NA	NA	NA	NA	NA	oca_rna-seq	NA	NA	NA	NA	NA	NA	NA	NA	NA	NA	NA	NA	NA	NA	NA	NA	NA	NA	NA	Heterozygous	NA	NA	NA	NA	NA	NA	NA	NA	NA	NA	NA	NA	NA	NA	NA	NA	NA	NA
STW2	NA	Fibroblast	NA	Aman	Perturbed	NA	NA	NA	NA	NA	NA	NA	NA	NA	oca_rna-seq	NA	NA	NA	NA	NA	NA	NA	NA	NA	NA	NA	NA	NA	NA	NA	NA	NA	NA	NA	Heterozygous	NA	NA	NA	NA	NA	NA	NA	NA	NA	NA	NA	NA	NA	NA	NA	NA	NA	NA
VCEQ1	NA	Fibroblast	NA	Aman	Perturbed	NA	NA	NA	NA	NA	NA	NA	NA	NA	oca_rna-seq	NA	NA	NA	NA	NA	NA	NA	NA	NA	NA	NA	NA	NA	NA	NA	NA	NA	NA	NA	Compound heterozygous	NA	NA	NA	NA	NA	NA	NA	NA	NA	NA	NA	NA	NA	NA	NA	NA	NA	NA
VCEQ2	NA	Fibroblast	NA	Aman	Perturbed	NA	NA	NA	NA	NA	NA	NA	NA	NA	oca_rna-seq	NA	NA	NA	NA	NA	NA	NA	NA	NA	NA	NA	NA	NA	NA	NA	NA	NA	NA	NA	Compound heterozygous	NA	NA	NA	NA	NA	NA	NA	NA	NA	NA	NA	NA	NA	NA	NA	NA	NA	NA
VED1	NA	Fibroblast	NA	Aman	Perturbed	NA	NA	NA	NA	NA	NA	NA	NA	NA	oca_rna-seq	NA	NA	NA	NA	NA	NA	NA	NA	NA	NA	NA	NA	NA	NA	NA	NA	NA	NA	NA	Heterozygous	NA	NA	NA	NA	NA	NA	NA	NA	NA	NA	NA	NA	NA	NA	NA	NA	NA	NA
VED2	NA	Fibroblast	NA	Aman	Perturbed	NA	NA	NA	NA	NA	NA	NA	NA	NA	oca_rna-seq	NA	NA	NA	NA	NA	NA	NA	NA	NA	NA	NA	NA	NA	NA	NA	NA	NA	NA	NA	Heterozygous	NA	NA	NA	NA	NA	NA	NA	NA	NA	NA	NA	NA	NA	NA	NA	NA	NA	NA
1_RS	AMDCD	iRPE	None	Ruchi	Control	NA	NA	NA	NA	NA	NA	NA	NA	NA	oca_rna-seq	NA	NA	NA	NA	NA	NA	NA	NA	NA	NA	NA	NA	NA	NA	NA	NA	NA	NA	NA	NA	0	None	None	NA	NA	NA	NA	NA	NA	NA	NA	NA	NA	NA	NA	NA	NA	NA
2_RS	AMDCD	iRPE	None	Ruchi	Degeneration	NA	NA	NA	NA	NA	NA	NA	NA	NA	oca_rna-seq	NA	NA	NA	NA	NA	NA	NA	NA	NA	NA	NA	NA	NA	NA	NA	NA	NA	NA	NA	NA	24	HS	None	NA	NA	NA	NA	NA	NA	NA	NA	NA	NA	NA	NA	NA	NA	NA
3_RS	AMDCD	iRPE	None	Ruchi	Degeneration	NA	NA	NA	NA	NA	NA	NA	NA	NA	oca_rna-seq	NA	NA	NA	NA	NA	NA	NA	NA	NA	NA	NA	NA	NA	NA	NA	NA	NA	NA	NA	NA	48	HS	None	NA	NA	NA	NA	NA	NA	NA	NA	NA	NA	NA	NA	NA	NA	NA
4_RS	AMDCD	iRPE	None	Ruchi	Control	NA	NA	NA	NA	NA	NA	NA	NA	NA	oca_rna-seq	NA	NA	NA	NA	NA	NA	NA	NA	NA	NA	NA	NA	NA	NA	NA	NA	NA	NA	NA	NA	48	HIHS	None	NA	NA	NA	NA	NA	NA	NA	NA	NA	NA	NA	NA	NA	NA	NA
5_RS	AMDCD	iRPE	Drug 1	Ruchi	Perturbed	NA	NA	NA	NA	NA	NA	NA	NA	NA	oca_rna-seq	NA	NA	NA	NA	NA	NA	NA	NA	NA	NA	NA	NA	NA	NA	NA	NA	NA	NA	NA	NA	48	HS	Drug	NA	NA	NA	NA	NA	NA	NA	NA	NA	NA	NA	NA	NA	NA	NA
6_RS	AMDCD	iRPE	Drug 3	Ruchi	Perturbed	NA	NA	NA	NA	NA	NA	NA	NA	NA	oca_rna-seq	NA	NA	NA	NA	NA	NA	NA	NA	NA	NA	NA	NA	NA	NA	NA	NA	NA	NA	NA	NA	48	HS	Drug	NA	NA	NA	NA	NA	NA	NA	NA	NA	NA	NA	NA	NA	NA	NA
7_RS	AMDCD	iRPE	Drug 4	Ruchi	Perturbed	NA	NA	NA	NA	NA	NA	NA	NA	NA	oca_rna-seq	NA	NA	NA	NA	NA	NA	NA	NA	NA	NA	NA	NA	NA	NA	NA	NA	NA	NA	NA	NA	48	HS	Drug	NA	NA	NA	NA	NA	NA	NA	NA	NA	NA	NA	NA	NA	NA	NA
8_RS	3D1	iRPE	None	Ruchi	Control	NA	NA	NA	NA	NA	NA	NA	NA	NA	oca_rna-seq	NA	NA	NA	NA	NA	NA	NA	NA	NA	NA	NA	NA	NA	NA	NA	NA	NA	NA	NA	NA	0	None	None	NA	NA	NA	NA	NA	NA	NA	NA	NA	NA	NA	NA	NA	NA	NA
9_RS	3D1	iRPE	None	Ruchi	Degeneration	NA	NA	NA	NA	NA	NA	NA	NA	NA	oca_rna-seq	NA	NA	NA	NA	NA	NA	NA	NA	NA	NA	NA	NA	NA	NA	NA	NA	NA	NA	NA	NA	24	HS	None	NA	NA	NA	NA	NA	NA	NA	NA	NA	NA	NA	NA	NA	NA	NA
10_RS	3D1	iRPE	None	Ruchi	Degeneration	NA	NA	NA	NA	NA	NA	NA	NA	NA	oca_rna-seq	NA	NA	NA	NA	NA	NA	NA	NA	NA	NA	NA	NA	NA	NA	NA	NA	NA	NA	NA	NA	48	HS	None	NA	NA	NA	NA	NA	NA	NA	NA	NA	NA	NA	NA	NA	NA	NA
11_RS	3D1	iRPE	None	Ruchi	Control	NA	NA	NA	NA	NA	NA	NA	NA	NA	oca_rna-seq	NA	NA	NA	NA	NA	NA	NA	NA	NA	NA	NA	NA	NA	NA	NA	NA	NA	NA	NA	NA	48	HIHS	None	NA	NA	NA	NA	NA	NA	NA	NA	NA	NA	NA	NA	NA	NA	NA
12_RS	3D1	iRPE	Drug 1	Ruchi	Perturbed	NA	NA	NA	NA	NA	NA	NA	NA	NA	oca_rna-seq	NA	NA	NA	NA	NA	NA	NA	NA	NA	NA	NA	NA	NA	NA	NA	NA	NA	NA	NA	NA	48	HS	Drug	NA	NA	NA	NA	NA	NA	NA	NA	NA	NA	NA	NA	NA	NA	NA
13_RS	3D1	iRPE	Drug 3	Ruchi	Perturbed	NA	NA	NA	NA	NA	NA	NA	NA	NA	oca_rna-seq	NA	NA	NA	NA	NA	NA	NA	NA	NA	NA	NA	NA	NA	NA	NA	NA	NA	NA	NA	NA	48	HS	Drug	NA	NA	NA	NA	NA	NA	NA	NA	NA	NA	NA	NA	NA	NA	NA
14_RS	3D1	iRPE	Drug 4	Ruchi	Perturbed	NA	NA	NA	NA	NA	NA	NA	NA	NA	oca_rna-seq	NA	NA	NA	NA	NA	NA	NA	NA	NA	NA	NA	NA	NA	NA	NA	NA	NA	NA	NA	NA	48	HS	Drug	NA	NA	NA	NA	NA	NA	NA	NA	NA	NA	NA	NA	NA	NA	NA
15_RS	Z8	iRPE	None	Ruchi	Control	NA	NA	NA	NA	NA	NA	NA	NA	NA	oca_rna-seq	NA	NA	NA	NA	NA	NA	NA	NA	NA	NA	NA	NA	NA	NA	NA	NA	NA	NA	NA	NA	0	None	None	NA	NA	NA	NA	NA	NA	NA	NA	NA	NA	NA	NA	NA	NA	NA
16_RS	Z8	iRPE	None	Ruchi	Degeneration	NA	NA	NA	NA	NA	NA	NA	NA	NA	oca_rna-seq	NA	NA	NA	NA	NA	NA	NA	NA	NA	NA	NA	NA	NA	NA	NA	NA	NA	NA	NA	NA	24	HS	None	NA	NA	NA	NA	NA	NA	NA	NA	NA	NA	NA	NA	NA	NA	NA
17_RS	Z8	iRPE	None	Ruchi	Degeneration	NA	NA	NA	NA	NA	NA	NA	NA	NA	oca_rna-seq	NA	NA	NA	NA	NA	NA	NA	NA	NA	NA	NA	NA	NA	NA	NA	NA	NA	NA	NA	NA	48	HS	None	NA	NA	NA	NA	NA	NA	NA	NA	NA	NA	NA	NA	NA	NA	NA
18_RS	Z8	iRPE	None	Ruchi	Control	NA	NA	NA	NA	NA	NA	NA	NA	NA	oca_rna-seq	NA	NA	NA	NA	NA	NA	NA	NA	NA	NA	NA	NA	NA	NA	NA	NA	NA	NA	NA	NA	48	HIHS	None	NA	NA	NA	NA	NA	NA	NA	NA	NA	NA	NA	NA	NA	NA	NA
19_RS	Z8	iRPE	Drug 1	Ruchi	Perturbed	NA	NA	NA	NA	NA	NA	NA	NA	NA	oca_rna-seq	NA	NA	NA	NA	NA	NA	NA	NA	NA	NA	NA	NA	NA	NA	NA	NA	NA	NA	NA	NA	48	HS	Drug	NA	NA	NA	NA	NA	NA	NA	NA	NA	NA	NA	NA	NA	NA	NA
20_RS	Z8	iRPE	Drug 3	Ruchi	Perturbed	NA	NA	NA	NA	NA	NA	NA	NA	NA	oca_rna-seq	NA	NA	NA	NA	NA	NA	NA	NA	NA	NA	NA	NA	NA	NA	NA	NA	NA	NA	NA	NA	48	HS	Drug	NA	NA	NA	NA	NA	NA	NA	NA	NA	NA	NA	NA	NA	NA	NA
21_RS	Z8	iRPE	Drug 4	Ruchi	Perturbed	NA	NA	NA	NA	NA	NA	NA	NA	NA	oca_rna-seq	NA	NA	NA	NA	NA	NA	NA	NA	NA	NA	NA	NA	NA	NA	NA	NA	NA	NA	NA	NA	48	HS	Drug	NA	NA	NA	NA	NA	NA	NA	NA	NA	NA	NA	NA	NA	NA	NA
MF-1	F24FC	NA	Control	Mitra	Control	NA	NA	NA	NA	NA	NA	NA	NA	NA	abca4_ko_ipsc_rpe	NA	NA	NA	NA	NA	NA	15	NA	NA	NA	NA	NA	NA	NA	NA	NA	NA	NA	NA	NA	NA	NA	NA	MF-1	200	WT	Control_WT	MF_1	Brooks ABCA4_RPE	NovaSeq6000_S4	3.27	98841813	151	NA	16-APR-19	HFYYTDSXX_18804116_S102_L002/quant.sf	F24FC	/Volumes/data/projects/nei/bharti/abca4_ko_ipsc_rpe__mitra/salmon_quant/HFYYTDSXX_18804116_S102_L002/quant.sf
MF-2	STAP	NA	Control	Mitra	Control	NA	NA	NA	NA	NA	NA	NA	NA	NA	abca4_ko_ipsc_rpe	NA	NA	NA	NA	NA	NA	17	NA	NA	NA	NA	NA	NA	NA	NA	NA	NA	NA	NA	NA	NA	NA	NA	MF-2	200	WT	Control_WT	MF_2	Brooks ABCA4_RPE	NovaSeq6000_S4	3.62	117407521	151	NA	16-APR-19	HFYYTDSXX_18804118_S122_L002/quant.sf	STAP	/Volumes/data/projects/nei/bharti/abca4_ko_ipsc_rpe__mitra/salmon_quant/HFYYTDSXX_18804118_S122_L002/quant.sf
MF-3	C26	NA	Control	Mitra	Perturbed	NA	NA	NA	NA	NA	NA	NA	NA	NA	abca4_ko_ipsc_rpe	NA	NA	NA	NA	NA	NA	26	NA	NA	NA	NA	NA	NA	NA	NA	NA	NA	NA	NA	NA	NA	NA	NA	MF-3	200	KO	Control_KO	MF_3	Brooks ABCA4_RPE	NovaSeq6000_S4	3.18	107062837	151	NA	16-APR-19	HFYYTDSXX_18804120_S113_L002/quant.sf	C26	/Volumes/data/projects/nei/bharti/abca4_ko_ipsc_rpe__mitra/salmon_quant/HFYYTDSXX_18804120_S113_L002/quant.sf
MF-4	C35	NA	Control	Mitra	Perturbed	NA	NA	NA	NA	NA	NA	NA	NA	NA	abca4_ko_ipsc_rpe	NA	NA	NA	NA	NA	NA	20	NA	NA	NA	NA	NA	NA	NA	NA	NA	NA	NA	NA	NA	NA	NA	NA	MF-4	200	KO	Control_KO	MF_4	Brooks ABCA4_RPE	NovaSeq6000_S4	3.26	101989925	151	NA	16-APR-19	HFYYTDSXX_18804122_S118_L002/quant.sf	C35	/Volumes/data/projects/nei/bharti/abca4_ko_ipsc_rpe__mitra/salmon_quant/HFYYTDSXX_18804122_S118_L002/quant.sf
MF-5	C46	NA	Control	Mitra	Perturbed	NA	NA	NA	NA	NA	NA	NA	NA	NA	abca4_ko_ipsc_rpe	NA	NA	NA	NA	NA	NA	17	NA	NA	NA	NA	NA	NA	NA	NA	NA	NA	NA	NA	NA	NA	NA	NA	MF-5	200	KO	Control_KO	MF_5	Brooks ABCA4_RPE	NovaSeq6000_S4	3.44	114391903	151	NA	16-APR-19	HFYYTDSXX_18804124_S121_L002/quant.sf	C46	/Volumes/data/projects/nei/bharti/abca4_ko_ipsc_rpe__mitra/salmon_quant/HFYYTDSXX_18804124_S121_L002/quant.sf
MF-6	D3C	NA	Control	Mitra	Control	NA	NA	NA	NA	NA	NA	NA	NA	NA	abca4_ko_ipsc_rpe	NA	NA	NA	NA	NA	NA	16	NA	NA	NA	NA	NA	NA	NA	NA	NA	NA	NA	NA	NA	NA	NA	NA	MF-6	200	WT	Control_WT	MF_6	Brooks ABCA4_RPE	NovaSeq6000_S4	3.64	109903675	151	NA	16-APR-19	HFYYTDSXX_18804126_S105_L002/quant.sf	D3C	/Volumes/data/projects/nei/bharti/abca4_ko_ipsc_rpe__mitra/salmon_quant/HFYYTDSXX_18804126_S105_L002/quant.sf
MF-7	BEST4C	NA	Control	Mitra	Control	NA	NA	NA	NA	NA	NA	NA	NA	NA	abca4_ko_ipsc_rpe	NA	NA	NA	NA	NA	NA	24	NA	NA	NA	NA	NA	NA	NA	NA	NA	NA	NA	NA	NA	NA	NA	NA	MF-7	200	WT	Control_WT	MF_7	Brooks ABCA4_RPE	NovaSeq6000_S4	3.42	92714745	151	NA	16-APR-19	HFYYTDSXX_18804128_S104_L002/quant.sf	BEST4C	/Volumes/data/projects/nei/bharti/abca4_ko_ipsc_rpe__mitra/salmon_quant/HFYYTDSXX_18804128_S104_L002/quant.sf
MF-8	BEST4C	NA	OS	Mitra	Perturbed	NA	NA	NA	NA	NA	NA	NA	NA	NA	abca4_ko_ipsc_rpe	NA	NA	NA	NA	NA	NA	18	NA	NA	NA	NA	NA	NA	NA	NA	NA	NA	NA	NA	NA	NA	NA	NA	MF-8	200	WT	OS_WT	MF_8	Brooks ABCA4_RPE	NovaSeq6000_S4	3.89	130711295	151	NA	16-APR-19	HFYYTDSXX_18804130_S101_L002/quant.sf	BEST4C	/Volumes/data/projects/nei/bharti/abca4_ko_ipsc_rpe__mitra/salmon_quant/HFYYTDSXX_18804130_S101_L002/quant.sf
MF-9	D3C	NA	OS	Mitra	Perturbed	NA	NA	NA	NA	NA	NA	NA	NA	NA	abca4_ko_ipsc_rpe	NA	NA	NA	NA	NA	NA	19	NA	NA	NA	NA	NA	NA	NA	NA	NA	NA	NA	NA	NA	NA	NA	NA	MF-9	200	WT	OS_WT	MF_9	Brooks ABCA4_RPE	NovaSeq6000_S4	3.41	101258749	151	NA	16-APR-19	HFYYTDSXX_18804132_S110_L002/quant.sf	D3C	/Volumes/data/projects/nei/bharti/abca4_ko_ipsc_rpe__mitra/salmon_quant/HFYYTDSXX_18804132_S110_L002/quant.sf
MF-10	C26	NA	OS	Mitra	Perturbed	NA	NA	NA	NA	NA	NA	NA	NA	NA	abca4_ko_ipsc_rpe	NA	NA	NA	NA	NA	NA	23	NA	NA	NA	NA	NA	NA	NA	NA	NA	NA	NA	NA	NA	NA	NA	NA	MF-10	200	KO	OS_KO	MF_10	Brooks ABCA4_RPE	NovaSeq6000_S4	3.38	109072324	151	NA	16-APR-19	HFYYTDSXX_18804142_S125_L002/quant.sf	C26	/Volumes/data/projects/nei/bharti/abca4_ko_ipsc_rpe__mitra/salmon_quant/HFYYTDSXX_18804142_S125_L002/quant.sf
MF-11	C35	NA	OS	Mitra	Perturbed	NA	NA	NA	NA	NA	NA	NA	NA	NA	abca4_ko_ipsc_rpe	NA	NA	NA	NA	NA	NA	17	NA	NA	NA	NA	NA	NA	NA	NA	NA	NA	NA	NA	NA	NA	NA	NA	MF-11	200	KO	OS_KO	MF_11	Brooks ABCA4_RPE	NovaSeq6000_S4	3.2	95144554	151	NA	16-APR-19	HFYYTDSXX_18804134_S103_L002/quant.sf	C35	/Volumes/data/projects/nei/bharti/abca4_ko_ipsc_rpe__mitra/salmon_quant/HFYYTDSXX_18804134_S103_L002/quant.sf
MF-12	C46	NA	OS	Mitra	Perturbed	NA	NA	NA	NA	NA	NA	NA	NA	NA	abca4_ko_ipsc_rpe	NA	NA	NA	NA	NA	NA	19	NA	NA	NA	NA	NA	NA	NA	NA	NA	NA	NA	NA	NA	NA	NA	NA	MF-12	200	KO	OS_KO	MF_12	Brooks ABCA4_RPE	NovaSeq6000_S4	3.45	114378370	151	NA	16-APR-19	HFYYTDSXX_18804136_S116_L002/quant.sf	C46	/Volumes/data/projects/nei/bharti/abca4_ko_ipsc_rpe__mitra/salmon_quant/HFYYTDSXX_18804136_S116_L002/quant.sf
MF-13	STAP	NA	OS	Mitra	Perturbed	NA	NA	NA	NA	NA	NA	NA	NA	NA	abca4_ko_ipsc_rpe	NA	NA	NA	NA	NA	NA	19	NA	NA	NA	NA	NA	NA	NA	NA	NA	NA	NA	NA	NA	NA	NA	NA	MF-13	200	WT	OS_WT	MF_13	Brooks ABCA4_RPE	NovaSeq6000_S4	3.24	105771477	151	NA	16-APR-19	HFYYTDSXX_18804138_S120_L002/quant.sf	STAP	/Volumes/data/projects/nei/bharti/abca4_ko_ipsc_rpe__mitra/salmon_quant/HFYYTDSXX_18804138_S120_L002/quant.sf
MF-14	F24FC	NA	OS	Mitra	Perturbed	NA	NA	NA	NA	NA	NA	NA	NA	NA	abca4_ko_ipsc_rpe	NA	NA	NA	NA	NA	NA	20	NA	NA	NA	NA	NA	NA	NA	NA	NA	NA	NA	NA	NA	NA	NA	NA	MF-14	200	WT	OS_WT	MF_14	Brooks ABCA4_RPE	NovaSeq6000_S4	3.65	117962774	151	NA	16-APR-19	HFYYTDSXX_18804140_S106_L002/quant.sf	F24FC	/Volumes/data/projects/nei/bharti/abca4_ko_ipsc_rpe__mitra/salmon_quant/HFYYTDSXX_18804140_S106_L002/quant.sf
